11000,13.00,Highball glass,7,Mojito,"설탕, 라임 주스, 민트 잎을 같이 섞습니다. 그리고 탄산수를 조금 넣고, 잔에 갈라진 얼음을 채웁니다. 이후 럼과 탄산수를 붓습니다. 마지막으로 빨대로 장식하세요."
11001,32.00,Old-fashioned glass,9,Old Fashioned,"유리잔에 각설탕과 비터스를 넣고 약간의 물을 추가합니다. 녹을 때까지 섞은 후, 유리잔에 얼음을 채우고 위스키를 추가합니다. 오렌지 트위스트와 칵테일 체리로 마무리 장식을 합니다."
11002,22.00,Highball glass,4,Long Island Tea,"모든 재료(콜라 제외)를 하이볼 잔에 얼음과 같이 붓습니다. 색감을 위해 콜라의 스플래시를 추가하고, 레몬 한 조각으로 장식합니다."
11003,24.00,Old-fashioned glass,1,Negroni,각 재료들을 얼음과 함께 저어줍니다.
11004,15.33,Old-fashioned glass,3,Whiskey Sour,재료와 얼음을 함께 쉐이킹을 합니다. 차가운 유리잔에 붓고 장식합니다. '온 더 락'으로 제조하는 경우에는 얼음을 채운 후 유리잔에 재료를 붓습니다.
11005,30.00,Cocktail glass,0,Dry Martini,"스트레이트: 모든 재료를 얼음과 함께 믹싱 글라스에 붓습니다. 잘 저어줍니다. 그 후, 차가운 마티니 칵테일 글라스에 붓습니다. 레몬 껍질의 오일을 음료에 짜내거나 올리브로 장식합니다."
11006,20.00,Cocktail glass,0,Daiquiri,"모든 재료를 얼음과 함께 셰이커에 붓습니다. 잘 흔들고, 차가운 칵테일 잔에 붓습니다."
11007,33.00,Cocktail glass,2,Margarita,라임 조각으로 유리잔의 가장자리를 문질러 소금이 달라붙게 합니다. 바깥 가장자리만 적시고 소금을 그 위에 뿌립니다. 소금은 마시는 사람의 입술에 닿아야 하며 절대로 칵테일에 섞이지 않아야 합니다. 나머지 재료를 얼음과 함께 흔든 다음 조심스럽게 유리잔에 붓습니다.
11008,30.00,Cocktail glass,1,Manhattan,"얼음과 함께 저어주고, 차가운 유리잔에 부어 장식합니다."
11009,11.00,Copper Mug,1,Moscow Mule,보드카와 ginger bear를 얼음으로 채워진 하이볼 유리에 섞습니다. 라임 주스를 추가하고 부드럽게 저어주세요.
11010,18.30,Cocktail glass,1,After Dinner Cocktail,얼음과 모든 재료 (라임 웨지 제외)를 흔들고 칵테일 유리 잔에 붓습니다. 이후 라임 웨지를 넣어 마무리하세요.
11011,15.40,Cocktail glass,0,After Supper Cocktail,모든 재료와 얼음을 함께 흔들고 칵테일 유리 잔에 부어 제조하세요.
11012,18.95,Highball glass,0,Alabama Slammer,하이볼 유리 잔에 얼음을 넣고 위에 모든 재료 (레몬 주스 제외)를 붓습니다. 마직막으로 약간의 레몬 주스를 넣어 마무리하세요.
11013,30.69,Cocktail glass,0,Alaska Cocktail,모든 재료와 얼음을 함께 저어줍니다. 마지막에 레몬을 비틀어 레몬즙을 추가하세오.
11014,19.96,Cocktail glass,0,Alexander,얼음과 모든 재료를 흔들어 섞고 칵테일 유리잔에 붓습니다. 그 위에 육두구(nutmeg)를  뿌려 마무리 합니다.
11016,19.68,Whiskey Glass,0,Brandy Alexander,얼음과 변형 내용물로 모든 재료 (육두구 제외)를 칵테일 유리로 흔들립니다. 육두구를 위에 뿌리고 봉사하십시오.
11019,18.00,Cocktail glass,0,Alfie Cocktail,모든 재료와 얼음을 흔들어 섞고 칵테일 유리 잔에 붓습니다. 
11020,23.22,Cocktail glass,0,Algonquin,모든 재료와 얼음을 흔들어 섞고 칵테일 유리 잔에 붓습니다.
11021,19.09,Cocktail glass,0,Allegheny,얼음과 모든 재료 (레몬 껍질 제외)를 흔들고 칵테일 유리에 긴장하십시오. 레몬 껍질을 꼬아 위에 얹어 마무리합니다.
11022,20.00,Cocktail glass,0,Allies Cocktail,모든 재료와 얼음을 함께 저어 칵테일 유리 잔에 넣어 제조하세요.
11023,30.00,Cocktail glass,0,Almeria,얼음으로 반 정도 채워진 셰이커에서 모든 재료를 넣고 흔들어 섞은 이후 칵테일 유리 잔에 붓습니다.
11024,7.00,Cocktail glass,0,Almond Joy,모든 재료와 얼음을 함께 흔들고 칵테일 유리 잔에 부어 마무리하세요.
11025,24.00,Cocktail glass,0,Amaretto And Cream,잘게 으깬 얼음과 잘 흔들고 칵테일 유리 잔에 부어 마무리하세요.
11026,24.00,Old-fashioned glass,0,Amaretto Mist,old-fashioned 유리 잔에 아마레토를 으깬 얼음 위에 붓습니다. 라임를 넣고 서빙하십시오. (라임은 선호에 따라 레몬으로 대체 될 수 있습니다.)
11027,24.00,Collins glass,0,Amaretto Rose,콜린스 유리 잔에 얼음을 넣고 그 위에 아마 레토와 라임 주스를 붓습니다. 클럽 소다로 채우고 마무리 하세요.
11028,24.00,Cocktail glass,0,Amaretto Stinger,갈린 얼음과 재료를 함께 잘 흔들고 칵테일 유리 잔에 넣어 제조합니다.
11029,24.00,Pousse cafe glass,0,Amaretto Tea,뜨거운 차를 푸스 케이프 유리 잔에 붓고 유리 잔에 숟가락을 사용하여 갈라지는 것을 방지합니다. 이후 Amaretto를 붓습니다. (저어주지 마십시오.) 마지막으로 냉장 휘핑 크림을 얹어 마무리 합니다.
11034,27.20,Cocktail glass,0,Angel Face,얼음과 모든 재료를 흔들어 섞고 칵테일 유리 잔에 붓습니다.
11046,22.44,Cocktail glass,0,Applecar,얼음과 모든 재료를 흔들어 섞고 칵테일 유리 잔에 붓습니다.
11050,15.94,Old-fashioned glass,0,Apricot Lady,"아이스 큐브가 반으로 가득 찬 셰이커에서 럼, 살구 브랜디, triple sec, 레몬 주스, 계란 흰자를 섞습니다. 잘 흔들고 얼음으로 가득 찬 old-fashioned 유리 잔에 붓고 오렌지 조각으로 장식하십시오."
11052,7.00,Old-fashioned glass,0,Archbishop,얼음 조각으로 가득 찬 old-fashioned 유리 잔에서 모든 재료를 넣어 잘 섞으세요.
11053,13.00,Champagne flute,0,Arise My Love,Creme de Menthe를 샴페인 플루트에 넣으십시오. 냉장 샴페인으로 채우고 마무리하세요.
11054,31.00,Whiskey sour glass,0,Arthur Tompkins,"아이스 큐브로 반으로 가득 찬 셰이커에서 진, 그랜드 마니에 및 레몬 주스를 섞으세요. 잘 흔들고 신맛이 나는 레몬 트위스트로 장식하십시오."
11055,28.57,Cocktail glass,0,Artillery,모든 재료와 얼음을 함께 저어 칵테일 유리 잔에 넣고 마무리 하세요.
11060,35.00,Cocktail glass,0,Balmoral,아이스 큐브로 반이 채워진 유리 잔에서 모든 성분을 섞으세요. 잘 저은 후  칵테일 유리 잔에 붓습니다.
11064,7.00,Champagne flute,0,Banana Daiquiri,아이스 큐브와 모든 재료를 쉐이커에 붓습니다. 잘 흔들고 차가운 칵테일 유리 잔에 붓습니다.
11084,15.00,Highball glass,0,Bermuda Highball,"브랜디, 진, 마른 버몬트를 아이스 큐브 위에 하이볼 유리 잔에 붓습니다. 탄산수로 채우고 저어줍니다. 레몬의 트위스트를 추가하고 마무리 하세요. (생강 에일은 선호하는 경우 탄산수로 대체 될 수 있습니다.)"
11102,27.00,Old-fashioned glass,0,Black Russian,재료를 아이스 큐브로 채워진 old-fashioned 유리 잔에 붓습니다. 부드럽게 저어주세요.
11106,25.00,Cocktail glass,0,Blackthorn,Sloe Gin과 Vermouth를 얼음과 함께 저어 칵테일 유리 잔에 넣습니다. 레몬 껍질 조각을 추가해서 마무리 하세요.
11112,5.00,Old-fashioned glass,0,Bloody Maria,갈라진 얼음과 모든 재료 (레몬 슬라이스 제외)를 흔들고 얼음 큐브가 있는 old-fashioned 유리 잔에 붓습니다. 레몬 조각을 넣고 마무리 하세요.
11113,10.00,Old-fashioned glass,0,Bloody Mary,부드럽게 저어 모든 재료를 하이볼 유리 잔에 붓습니다.
11117,30.00,Highball glass,0,Blue Lagoon,하이볼 유리 잔에 보드카와 쿠라 카오를 얼음 위에 붓습니다. 레모네이드로 채우고 체리를 얹고 마무리하세요.
11118,23.00,Cocktail glass,0,Blue Margarita,"라임 주스로 칵테일 유리 잔을 문지릅니다. 거친 소금에 림을 담그십시오. 데킬라, 파란색 쿠라 카오, 라임 주스를 얼음과 함께 흔들고 소금 테두리의 유리 잔에 넣고 마무리 하세요."
11119,17.74,Old-fashioned glass,0,Blue Mountain,아이스 큐브로 반이 채워진 셰이커에 모든 재료를 섞으세요. 잘 흔들고 얼음 조각으로 가득 찬 old-fashioned 유리 잔에 붓습니다.
11120,20.35,Cocktail glass,0,Bluebird,"분쇄 된 얼음으로 반 정도 채워진 유리 잔에서 진, 트리플 SEC, Curacao 및 Bitters를 섞으세요. 잘 저어주고 칵테일 유리 잔에 붓고 레몬 트위스트와 체리로 장식하십시오."
11121,25.42,Cocktail glass,0,Bobby Burns Cocktail,모든 재료 (레몬 껍질 제외)를 얼음과 함께 저어 칵테일 유리 잔에 넣습니다. 레몬 껍질 조각을 추가하고 마무리 하세요.
11124,27.00,Cocktail glass,0,Boomerang,"아이스 큐브로 반 정도 채워진 혼합 유리 잔에서 진, 버몬트, 쓴 맛 및 마라 시노 리큐어를 섞으세요. 잘 저어. 칵테일 유리 잔에 넣고 체리로 장식하십시오."
11128,26.00,Cocktail glass,0,Boston Sidecar,모든 재료와 얼음을 함께 흔들고 칵테일 유리 잔에 넣고 마무리 하세요.
11129,17.00,Whiskey sour glass,0,Boston Sour,"레몬, 가루 설탕, 위스키 및 계란 흰자를 깨진 얼음과 흔들고 위스키 사워 유리 잔에 붓습니다. 레몬 조각을 넣고 체리를 얹고 마무리 하세요."
11145,30.00,Old-fashioned glass,0,Classic Old-Fashioned,old-fashioned 유리 잔에서 티 스푼의 뒷면을 사용하여 bitters와 물을 뭉쳐 각 설탕으로 뭉칩니다. 유리 잔을아이스 큐브로 채우고 버번을 넣으십시오. 오렌지 조각과 체리로 장식하십시오. 
11146,15.00,Highball glass,0,Bourbon Sling,"아이스 큐브로 반 정도 채워진 셰이커에서 설탕, 물, 레몬 주스 및 버번을 잘 흔들어 섞으세요. 섞은 후 하이볼 유리 잔에 붓습니다. 마지막으로 레몬 트위스트로 장식합니다."
11147,15.00,Whiskey sour glass,0,Bourbon Sour,"아이스 큐브로 반 정도 채워진 셰이커에서 버번, 레몬 주스 및 설탕을 잘 흔들어 섞으세요. 섞은 후 위스키 사워 유리 잔에 붓고 오렌지 조각과 체리로 장식하십시오."
11149,20.00,Whiskey sour glass,0,Boxcar,아이스 큐브로 반 정도 채워진 셰이커에서 모든 재료를 잘 흔들어 섞으세요. 섞은 후 사워 글라스에 붓습니다.
11157,27.00,Old-fashioned glass,0,Brandy Cobbler,old-fashioned 유리 잔에서 club 소다를 붓고 설탕을 녹입니다. 유리가 가득 찰 때까지 으깬 얼음을 넣으세요. 브랜디를 추가하여 잘 저어준 후 체리
11164,25.00,Whiskey sour glass,0,Brandy Flip,"아이스 큐브로 반 정도 채워진 셰이커에서 브랜디, 계란, 설탕 및 크림을 잘 흔들어 섞으세요. 준 후  사워 글라스에 붓고 육두구로 장식하십시오."
11170,15.00,Whiskey sour glass,0,Brandy Sour,브랜디. 레몬 주스. 그리고 설탕 가루와 얼음을 같이 흔들어 섞고 위스키 사워 유리 잔에 넣습니다. 레몬 슬라이스로 장식하고 체리를 얹고 마무리하세요.
11202,22.00,Old-fashioned glass,0,Caipirinha,라임과 설탕을 old-fashioned 유리 잔에 넣고 으깨서 섞어 주세요 (나무 숟가락을 사용하여 두 재료를 함께 으깨십시오). 유리 잔을얼음으로 채우고 Cachaça를 넣으십시오.
11205,10.00,Collins glass,0,California Lemonade,얼음과 모든 재료 (탄산수 제외)를 흔들고 잘게 간 얼음(빙수처럼)이 담긴 콜린스 유리 잔에 붓습니다. 탄산수로 채우고 저어줍니다. 오렌지와 레몬 조각으로 장식하십시오. 체리와 빨대를 넣어 마무리 하세요.
11222,21.00,Cocktail glass,0,Casa Blanca,모든 재료와 얼음을 함께 흔들고 칵테일 유리 잔에 넣고 마무리 하세요.
11224,19.00,Whiskey sour glass,0,Casino Royale,아이스 큐브로 반 정도 채워진 셰이커에 모든 재료를 넣고 흔들어 섞으세요. 그리고 사워 글라스에 붓습니다.
11227,12.00,Champagne flute,0,Champagne Cocktail,설탕 큐브 위에 Angostura Bitter의 10 방울 정도를 추가하여 샴페인 플루트에 떨어뜨립니다. Cognac을 추가 한 다음 냉장 샴페인을 부드럽게 부어줍니다. 이후 오렌지 조각과 마라스치노 체리로 장식합니다.
11239,21.00,Cocktail glass,0,Cherry Rum,모든 재료와 얼음을 함께 흔들어 섞고 칵테일 유리 잔에 넣어 마무리 하세요.
11242,11.00,Highball glass,0,Chicago Fizz,얼음으로 모든 재료 (탄산수 제외)를 흔들어 섞고 두 개의 아이스 큐브가 담긴 하이볼 유리 잔에 붓습니다. 탄산수로 채우고 저어주고 마무리하세요.
11243,26.00,Champagne flute,0,Chocolate Black Russian,블렌더에 모든 재료를 함께 넣고 짧은 시간 동안 갈아 줍니다. 이후 차가운 샴페인 플루트에 붓고 마무리하세요.
11251,6.00,Cocktail glass,0,City Slicker,아이스 큐브로 반 정도 채워진 셰이커에 모든 재료를 흔들어 섞으세요. 칵테일 유리 잔에 붓습니다.
11255,30.00,Cocktail glass,0,Clove Cocktail,모든 재료와 얼음을 함께 저어서 섞고 칵테일 유리 잔에 넣어 마무리 하세요.
11288,13.00,Highball glass,0,Cuba Libre,얼음으로 채워진 콜린스 유리 잔에 모든 재료를 넣습니다. 라임 웨지로 장식합니다.
11320,9.58,Highball glass,0,Dragonfly,  얼음 조각으로 가득 찬 하이볼 유리 잔에서 진과 생강 에일을 잘 저어 섞으세요. 라임 웨지로 장식하십시오.
11324,44.00,Cocktail glass,0,Dry Rob Roy,아이스 큐브로 반 정도 채워진 유리 잔에서 스카치와 버몬트를 넣어 잘 저어 섞으세요. 칵테일 유리 잔에 붓습니다. 레몬 트위스트로 장식합니다.
11326,17.00,Cocktail glass,0,Dubonnet Cocktail,모든 재료 (레몬 껍질 제외)를 얼음과 함께 저어 칵테일 유리 잔에 넣습니다. 비튼 레몬 껍질를 추가하고 마무리 하세요.
11338,9.00,Highball glass,0,English Highball,"브랜디, 진, 달콤한 버몬트를 아이스 큐브가 담긴 하이볼 유리 잔에 붓습니다. 탄산수로 채우십시오. 살짝 비튼 레몬 껍질을 추가하고 저어주고 마무리 하세요. (생강 에일은 선호에 따라 탄산수로 대체 될 수 있습니다.)"
11339,23.00,Cocktail glass,0,English Rose Cocktail,칵테일 잔의 가장자리를 레몬 주스로 문지르고 유리 잔을 설탕 가루에 담가 설탕을 묻힙니다. 모든 재료(체리 제외)를 얼음과 함께 흔들고 설탕 테두리가 있는 유리 잔에 붓습니다. 체리를 얹고 마무리 하세요.
11368,25.00,Old-fashioned glass,0,Flying Dutchman, 얼음 조각으로 가득 찬 old-fashioned 유리 잔에서 진과 트리플 SEC를 넣고 잘 저어 섞으세요.
11369,20.00,Cocktail glass,0,Flying Scotchman,모든 재료와 얼음을 함께 흔들어 섞고 칵테일 유리 잔에 넣어 마무리 하세요.
11375,16.00,Cocktail glass,0,Foxy Lady,모든 재료와 얼음을 함께 흔들어 섞고 차가운 칵테일 유리 잔에 넣어 마무리 하세요.
11382,19.00,Whiskey sour glass,0,Frisco Sour,얼음과 모든 재료 (레몬과 라임 조각 제외)를 넣어 흔들어 섞고 위스키 사워 유리 잔에 붓습니다. 레몬과 라임 조각으로 장식하고 마무리하세요.
11387,8.00,Champagne flute,0,Frozen Daiquiri,블렌더에 모든 재료 (체리 제외)를넣어 5 초 동안 저속으로 갈아준 후  빠르게 갈아주세요. 이후 샴페인 플루트에 붓고 체리를 얹어 마무리하세요.
11390,19.00,Old-fashioned glass,0,Frozen Mint Daiquiri,블렌더에 모든 재료를 갈린 얼음 1 컵과 섞으세요.  짧은 시간 동안 갈아 주세요. 이후 old-fashioned 유리 잔에 붓고 마무리하세요.
11391,12.00,Cocktail Glass,0,Frozen Pineapple Daiquiri,블렌더에 모든 재료를 갈린 얼음 1 컵과 함꼐 넣어주세요. 잠시 동안 갈아주세요. 칵테일 유리 잔에 붓고 마무리 하세요.
11396,21.00,Old-fashioned glass,0,Gentleman's Club,  얼음 조각으로 가득 찬 old-fashioned 유리 잔에서 모든 재료를 넣고 잘 저어 섞으세요.
11403,10.00,Highball glass,0,Gin And Tonic,진과 토니 워터를 아이스 큐브로  가득 찬 하이 볼 유리 잔에 붓고 잘 저어줍니다. 라임 웨지로 장식하십시오.
11407,7.00,Collins glass,0,Gin Cooler,설탕 가루과 탄산수 2 온스를 잘 섞어 콜린스 유리 잔에 넣어주세요 . 유리 잔을얼음으로 채우고 진을 넣으십시오. 이후 탄산수로 채우고 저어줍니다. 오렌지 조각의 끝이 유리 테두리 위에 매달리도록 레몬 껍질과 오렌지 조각을 넣습니다.
11408,22.00,Old-fashioned glass,0,Gin Daisy,"아이스 큐브로 반 정도 채워진 셰이커에서 진, 레몬 주스, 설탕과 그레나딘을 잘 흔들어 섞으세요. old-fashioned 유리 잔에 붓고 체리와 오렌지 조각으로 장식하십시오."
11410,13.00,Highball glass,0,Gin Fizz,탄산수를 제외한 모든 재료를 아이스 큐브와 함께 흔들어주십시오. 유리 잔에 붓습니다. 그 위에 탄산수를 넣어주새요.
11415,10.00,Old-fashioned glass,0,Gin Sling,설탕 가루를 물과 레몬 주스의 녹여주고 진을 추가하십시오. old-fashioned 유리 잔에 아이스 큐브를 붓고 저어줍니다. 비튼 오렌지 껍질을 추가하고 마무리 하세요.
11416,22.00,Old-fashioned glass,0,Gin Smash,"old-fashioned 유리 잔에 탄산수, 민트, 설탕을 섞어 넣어주세요. 이후 진과 얼음 큐브 1 개를 추가하십시오. 함께 저어준 뒤 오렌지 조각과 체리를 넣어 마무리 하세요."
11417,18.00,Whiskey sour glass,0,Gin Sour,"아이스 큐브로 반 정도 채워진 셰이커에서 진, 레몬 주스 및 설탕을 잘 흔들어 섞으세요. 사워 글라스에 오렌지 조각과 체리로 장식하십시오."
11418,15.00,Highball glass,0,Gin Squirt,"진, 그레나딘 및 설탕 가루을 얼음과 함께 저어준 뒤 얼음 큐브가 담긴 하이볼 유리 잔에 붓습니다. 탄산수로 채우고 저어줍니다. 파인애플 조각와 딸기로 장식하고 마무리하세요."
11419,21.00,Highball glass,0,Gin Swizzle,"아이스 큐브로 반 정도 채워진 셰이커에서 라임 주스,설탕, 진 및 bitters를 넣고 잘 흔들어 섞으세요. 콜링 유리 잔을아이스 큐브로  채우십시오. 유리 잔에 서리가 낄 때까지 저어줍니다. 셰이커의 내용물을 유리 잔에 넣고 클럽 소다를 넣어 마무리 하십시오."
11420,14.00,Old-fashioned glass,0,Gin Toddy,old-fashioned 유리 잔에 설탕 가루와 물을 섞습니다. 진과 아이스 큐브 하나를 추가하십시오. 이후 잘 저어주고 비튼 레몬 껍질을 추가하고 마무리 하세요.
11422,30.00,Champagne flute,0,Godchild,조각난 얼음과 모든 재료를 잘 흔들어 섞고 샴페인 플루트에 붓고 마무리 하세요.
11423,30.00,Old-fashioned glass,0,Godfather,모든 재료를 아이스 큐브로 채워진 old-fashioned 유리 잔에 붓습니다. 부드럽게 저어주세요.
11424,30.00,Old-fashioned glass,0,Godmother,보드카와 아마 레토를 얼음이 담긴 old-fashioned 유리 잔에 부어 만듭니다.
11433,22.00,Old-fashioned glass,1,Grass Skirt,"아이스 큐브로 반 정도 채워진 셰이커에서 진, 트리플 SEC, 파인애플 주스 및 그레나딘을 넣어 잘 흔들어 섞으세요.. old-fashioned 유리 잔에 붓고 파인애플 조각으로 장식하십시오."
11462,10.00,Collins glass,0,Harvey Wallbanger,보드카와 오렌지 주스를 유리 잔에 넣어 얼음과 함께 저어주고 Galliano를 얹습니다. 장식하고 마무리하세요.
11470,17.00,Cocktail glass,1,Havana Cocktail,아이스 큐브로 반 정도 채워진 셰이커에 모든 재료를 넣고 잘 흔들어 섞으세요. 칵테일 유리 잔에 붓습니다.
11472,15.00,Cocktail glass,0,Hawaiian Cocktail,모든 재료와 얼음을 함께 흔들어 섞고 칵테일 유리 잔에 넣어 마무리 하세요.
11476,26.00,Cocktail glass,0,Highland Fling Cocktail,얼음과 모든 재료 (올리브 제외)를 함께 저어준 뒤 칵테일 유리 잔에 붓습니다. 올리브를 추가하고 마무리 하세요.
11524,10.00,Highball glass,1,Imperial Fizz,얼음과 모든 재료 (탄산수 제외)를 흔들어 섞고 두 개의 아이스 큐브가 들어간 하이볼 유리 잔에 붓습니다. 이후 탄산수로 채우고 저어주고 마무리하세요.
11528,14.23,Collins glass,0,Irish Spring,모든 재료 (오렌지 조각과 체리 제외)를 아이스 큐브가 담긴 콜린스 유리 잔 위에 붓습니다. 오렌지 조각으로 장식하고 체리를 맨 위에 넣어 마무리 하세요.
11542,17.45,Cocktail glass,0,Jack Rose Cocktail,모든 재료와 얼음을 함께 흔들어 섞고 칵테일 유리 잔에 넣어 마무리 하세요.
11558,9.00,Highball glass,0,Japanese Fizz,얼음과 모든 재료 (탄산수 제외)를 흔들어 섞고 두 개의 아이스 큐브가 담긴 하이볼 유리 잔 위로 붓습니다. 탄산수로 채우고 저어주고 마무리하세요.
11566,30.00,Cocktail glass,0,Jewel Of The Nile,아이스 큐브로 반 정도 채워진 유리 컵에 모든 재료를 함께 잘 저어 섞으세요. 칵테일 유리 잔에 붓습니다.
11580,13.00,Collins glass,0,John Collins,모든 재료와 얼음을 하이볼 유리 잔에 붓습니다. 부드럽게 저어주세요. Angostura Bitters의 몇 방울을 추가하십시오. (dash = 10 방울)
11600,23.00,Cocktail glass,0,Kamikaze,얼음과 함께 모든 재료를 흔들어주십시오. 유리 잔에 붓고 장식하고 마무리하세요.
11602,32.00,Brandy snifter,0,Kentucky B And B,버번과 베네딕틴을 brandy snifter에 부어 제조합니다.
11604,36.00,Cocktail glass,0,Kentucky Colonel,아이스 큐브로 반 정도 채워진 셰이커에 Courbon과 Benedictine을 흔들어 섞습니다. 이후 칵테일 유리 잔에 붓습니다. 레몬 트위스트로 장식합니다.
11634,19.00,Cocktail glass,0,Lady Love Fizz,얼음과 모든 재료 (탄산수 제외)를 함께 흔들어 섞고 두 개의 아이스 큐브가 담긴 칵테일 유리 잔 위로 붓습니다. 탄산수로 채우고 저어주고 마무리하세요.
11658,32.03,Cocktail glass,0,Loch Lomond,"아이스 큐브로 반 정도 채워진 믹싱 유리 컵에 Scotch, Drambuie, and vermouth를 넣어 잘 저어 섞으세요. 칵테일 유리 잔에 붓습니다. 레몬 트위스트로 장식합니다."
11662,33.87,Cocktail glass,0,London Town,아이스 큐브로 반 정도 채워진 믹싱 유리 컵에 모든 재료를 넣고 함께 잘 저어 섞으세요. 칵테일 유리 잔에 붓습니다.
11664,22.00,Cocktail glass,1,Lone Tree Cocktail,얼음과 함께 재료를 저어주고 칵테일 유리 잔에 붓고 마무리 하세요.
11666,19.00,Collins glass,0,Lone Tree Cooler,설탕 가루와 탄산수 2 온스를 잘 섞고 콜린스 유리잔에 붓습니다. 유리 잔을얼음으로 채우고 진과 버몬트를 넣고 저어줍니다. 탄산수로 채우고 다시 저어줍니다. 레몬 껍질과 나선형 모양의 오렌지 껍질 조각을 추가하고 그 끝이 유리 테두리 위에 매달려 있도록 장식합니다.
11670,23.00,Old-fashioned glass,0,Lord And Lady,럼과 Tia Maria를 얼음 조각으로 가득 찬 old-fashioned 유리 잔에 붓고 잘 저어줍니다.
11690,25.00,Collins glass,2,Mai Tai,모든 재료와 얼음을 함께 흔들어주십시오. 유리 잔에 붓습니다. 빨대와 함께 장식하십시오.
11720,28.00,Cocktail glass,0,Martinez Cocktail,얼음과 모든 재료 (체리 제외)를 넣어 저어 준 뒤 칵테일 유리 잔에 넣습니다. 체리를 얹고 마무리하세요.
11728,28.00,Cocktail glass,0,Martini,스트레이트: 모든 재료와 얼음 조각을 믹싱 유리컵에 부으세요. 잘 저어주세요. 차가운 마티니 칵테일 잔에 붓습니다. 레몬 껍질에서 기름을 짜서 음료 위에 올리거나 올리브로 장식합니다.
11766,35.00,Cocktail glass,0,Midnight Cowboy,아이스 큐브로 반 정도 채워진 셰이커에 모든 재료를 잘 흔들어 섞으세요.. 칵테일 유리 잔에 붓습니다.
11786,24.00,Collins glass,0,Mississippi Planters Punch,얼음과 모든 재료 (탄산수 제외)를 흔들어 섞고 얼음 큐브가 담긴 콜린스 유리 잔 위로 붓습니다. 탄산수로 채우고 저어주고 마무리하세요.
11798,16.00,Old-fashioned glass,0,Monkey Wrench,  모든 재료를 아이스 큐브로 가득 찬 old-fashioned 유리 잔에 붓고 잘 저어줍니다.
11844,15.00,Whiskey sour glass,0,New York Sour,"blended 위스키, 레몬 주스, 얼음, 설탕 가루를 함께 흔들어 섞고 위스키 sour glass에 붓습니다. 맨 위에 플로트 클라렛을 올리고 반으로 잘린 레몬과 체리 슬라이스로 장식하고 마무리하세요."
11870,10.00,Highball glass,0,Orange Oasis,"얼음과 브랜디, 진, 오렌지 주스를 함께 흔들어 섞고 아이스 큐브가 담긴 하이볼 유리 잔 위에 붓습니다. 진저 에일로 채우고 저어주고 마무리하세요."
11872,15.46,Cocktail glass,0,Orgasm,모든 재료와 얼음을 함께 흔들어 섞고 차가운 칵테일 유리 잔에 넣어 마무리 하세요.
11936,32.00,White wine glass,0,Pink Gin,bitters를 와인 잔에 붓습니다. 와인 잔을 둥글게 흔들어 와인잔 내부를 biiters로 코팅하고 남은 여분은 따라 버려주세요. 진을 유리 잔에 붓습니다. 얼음은 넣지 마십시오.
11938,25.00,Cocktail glass,2,Pink Lady,모든 재료와 얼음을 함께 흔들어 섞고 칵테일 유리 잔에 부어 마무리 하세요.
11959,19.00,Cocktail glass,0,Poppy Cocktail,재료와 얼음을 함께 흔들어 섞고 칵테일 유리 잔에 부어 마무리 하세요.
11961,10.91,Pousse cafe glass,0,Port And Starboard,Creme de Menthe가 Grenadine 위로 떠올라 있도록 Pousse-Cafe Glass에 조심스럽게 붓습니다. 섞지 않고 마무리하세요.
11963,20.00,Cocktail glass,0,Port Wine Cocktail,얼음과 재료를 저어주고 칵테일 유리 잔에 부어 마무리 하세요.
11965,20.00,Whiskey sour glass,0,Port Wine Flip,얼음과 모든 재료 (육두구 제외)를 흔들어 섞고 위스키 sour glass에 붓습니다. 마지막으로 육두구를 위에 뿌리고 마무리하세요.
11983,25.00,Cocktail glass,0,Quaker's Cocktail,모든 재료와 얼음을 함께 흔들어 섞고 칵테일 유리 잔에 넣어 마무리 하세요.
11985,27.00,Cocktail glass,0,Quarter Deck Cocktail,모든 재료와 얼음을 함께 저어 칵테일 유리 잔에 넣어 마무리 하세요.
11987,28.00,Cocktail glass,0,Queen Bee,모든 재료와 얼음을 함께 흔들어 섞고 칵테일 유리 잔에 넣어 마무리 하세요.
11989,13.00,Collins glass,0,Queen Charlotte,red wine과 grenadine을 아이스 큐브 담긴 콜린스 유리 잔에 붓습니다. 레몬 라임 소다로 채우고 저어주고 마무리하세요.
11991,21.00,Cocktail glass,0,Queen Elizabeth,모든 재료와 얼음을 함께 저어 칵테일 유리 잔에 넣어 마무리 하세요.
11993,22.00,Cocktail glass,0,Quentin,"아이스 큐브로 반 정도 가득 찬 셰이커에서 럼, 칼루아 및 크림을 잘 흔들어 섞으세요. 칵테일 유리 잔에 넣고 육두구와 함께 장식하십시오."
12055,19.00,Collins glass,0,Royal Fizz,얼음과 모든 재료 (콜라 제외)를 냉각된 콜린스 유리 잔에 넣습니다. 마지막으로 콜라로 채우고 마무리하세요.
12057,17.00,Highball glass,0,Royal Gin Fizz,얼음과 모든 재료 (탄산수 제외)를 흔들어 섞고 두 개의 아이스 큐브가 담긴 하이볼 유리 잔에 붓습니다. 마지막으로 탄산수로 채우고 저어주고 마무리하세요.
12067,20.00,Old-fashioned glass,0,Rum Cobbler,old-fashioned 유리 잔에서 클럽 소다를 넣고 설탕을 녹입니다. 유리가 가득 찰 때까지 잘게 간 얼음을 넣으세오. 럼을 추가하고 잘 저어주세요. 체리와 오렌지와 레몬 조각으로 장식하십시오.
12071,15.00,Collins glass,0,Rum Cooler,럼과 소다를 얼음 큐브로 채워진 콜린스 유리 잔에 붓습니다. 잘 저어주고 레몬 웨지로 장식하십시오.
12087,14.00,Collins glass,0,Rum Milk Punch,얼음과 모든 재료 (육두구 제외)를 흔들어 섞고 콜린스 유리 잔에 붓습니다. 마지막으로 육두구를 위에 뿌리고 마무리하세요.
12089,32.00,Old-fashioned glass,0,Rum Old-fashioned,"설탕 가루, 물,  bitters를 old-fashioned 유리 잔에 넣고 저어줍니다. 설탕이 용해 될 쯤 얼음 조각과 가벼운 럼을 넣으십시오. 비튼 라임 껍질를 추가하고 151 프루프 럼을 윗면에 부어 마무리하세요."
12091,7.00,Highball glass,0,Rum Screwdriver,럼을 아이스 큐브가 담긴 하이볼 유리 잔에 붓습니다. 오렌지 주스를 넣고 저어주고 마무리 하세요.
12093,16.00,Whiskey sour glass,1,Rum Sour,"아이스 큐브로 반 정도 가득 찬 셰이커에서 럼, 레몬 주스, 설탕을 잘 흔들어 섞으세요. Sour glass에 붓고 오렌지 조각과 체리로 장식하십시오."
12097,16.00,Old-fashioned glass,0,Rum Toddy,설탕 가루를 old-fashioned 유리 잔에 넣고 물에 녹인다. 럼과 아이스 큐브 하나를 넣고 저어줍니다. 비튼 레몬 껍질 조각을 추가하고 마무리 하세요.
12101,34.00,Old-fashioned glass,0,Rusty Nail,Scotch와 Drambuie를 얼음으로 가득 찬 old-fashioned 유리 잔에 붓고 잘 저어줍니다. 레몬 트위스트로 장식합니다.
12107,18.00,Highball glass,0,Salty Dog,모든 재료를 아이스 큐브가 담긴 하이볼 유리 잔에 붓습니다. 잘 저어주고 마무리하세요. (보드카는 선호에 따라 진로 대체 될 수 있습니다.)
12127,17.00,Old-fashioned glass,0,Sazerac,냉각된 old-fashioned 유리 잔의 면을 absinthe로 적시고 얼음을 넣어 따로 보관하십시오. 남은 재료를 얼음 위로 넣어 저어주고 따로 보관하십시오. 제조 된 유리 잔에서 가득차 흘러나오는 absinthe을 빼주고 음료를 미리 준비한 유리 잔에 넣습니다. 레몬 껍질을 추가하십시오.
12130,23.00,Cocktail glass,0,Scooter,으깬 얼음과 모든 재료를 잘 흔들어 섞고 칵테일 유리 잔에 붓고 마무리 하세요.
12138,29.00,Old-fashioned glass,0,Scotch Cobbler,"scotch, brandy, and curacao를 old-fashioned 유리 잔에 붓습니다. 오렌지 슬라이스를 추가하고 민트 스크리그 (민트 잎이 달린 줄기)추가하십시오."
12158,18.00,Whiskey sour glass,0,Scotch Sour,"스카치, 라임 주스, 얼음, 설탕 가루를 흔들어 섞고 위스키 sour glass에 붓습니다. 반으로 잘린 슬라이스 레몬으로 장식하고 체리를 얹고 마무리하세요."
12162,20.00,Highball glass,0,Screwdriver,하이볼 유리 잔에 재료를 다 넣고 얼음과 섞는다. 장식하고 마무리하세요.
12186,29.00,Cocktail glass,0,Shanghai Cocktail,모든 재료와 얼음을 함께 흔들어 섞고 칵테일 유리 잔에 넣어 마무리 하세요.
12188,15.00,Collins glass,0,Sherry Eggnog,"sherry, 설탕 가루, 계란을 얼음과 함께 흔들어 콜린스 유리 잔에 넣습니다. 우유로 채우고 저어주세요. 육두구를 위에 뿌리고 마무리하세요."
12190,15.00,Nick and Nora Glass,0,Sherry Flip,얼음과 모든 재료 (육두구 제외)를 흔들어 섞고 위스키 sour glass에 붓습니다. 마지막에 육두구를 위에 뿌리고 마무리하세요.
12196,32.00,Cocktail glass,0,Sidecar,얼음으로 채워진 칵테일 셰이커에 모든 재료를 붓습니다. 잘 흔들어 섞고 칵테일 유리 잔에 붓습니다.
12198,30.00,Cocktail glass,0,Sidecar Cocktail,모든 재료와 얼음을 함께 흔들어 섞고 칵테일 유리 잔에 넣어 마무리 하세요.
12214,22.00,Hurricane glass,0,Singapore Sling,아이스 큐브로 채워진 칵테일 셰이커에 모든 재료를 붓습니다. 잘 흔들어 섞고 하이볼 유리 잔에 붓습니다. 파인애플과 칵테일 체리로 장식합니다.
12224,23.00,Cocktail glass,0,Sloe Gin Cocktail,모든 재료와 얼음을 함께 저어 칵테일 유리 잔에 넣어 마무리 하세요.
12256,24.00,Brandy snifter,0,Sol Y Sombra,"얼음과 재료를 흔들어 섞고 brandy snifter 잔에 붓고 마무리하세요. (이 음료의 이름의 영어 번역은 ""태양과 그늘""이다.)"
12308,17.00,Whiskey sour glass,0,Stone Sour,얼음과 모든 재료를 흔들어 섞고 차가운 위스키 sour glass에 붓고 마무리 하세요.
12316,22.00,Cocktail glass,0,Strawberry Daiquiri,아이스 큐브와 모든 재료를 쉐이커에 붓습니다. 잘 흔들어 섞고 차가운 칵테일 유리 잔에 붓습니다.
12322,8.00,Cocktail glass,0,Strawberry Margarita,"칵테일 유리 잔의 테두리를 레몬 주스로 문지르고 테두리를 소금에 담가 소금을 묻히세요. Schnapps, Tequila, Triple Sec, 레몬 주스, 딸기를 얼음과 함께 흔들어 섞고 소금이 묻어있는 유리 잔에 붓고 서빙합니다."
12362,16.00,Collins glass,0,Tequila Fizz,얼음과 모든 재료 (진저 에일 제외)를 흔들어 섞고 아이스 큐브가 담긴 콜린스 유리 잔에 붓습니다. 진저 에일로 채우고 저어주고 마무리하세요.
12370,24.00,Whiskey sour glass,0,Tequila Sour,"데킬라, 레몬 주스, 얼음, 설탕 가루를 흔들어 섞고 위스키 sour glass에 붓습니다. 레몬을 반으로 자른 슬라이스와 체리로 얹고 마무리하세요."
12388,18.00,Cocktail glass,0,Thriller,아이스 큐브로 반 정도 채워진 셰이커에 모든 재료를 넣고 잘 흔들어 섞으세요. 칵테일 유리 잔에 붓습니다.
12402,15.00,Collins glass,0,Tom Collins,"아이스 큐브로 반 정도 채워진 셰이커에 진, 레몬 주스, 설탕을 넣고 잘 흔들어 섞으세요. 아이스 큐브로 채워진 콜린스 유리 잔에 붓습니다. 클럽 소다를 추가하십시오. 체리와 오렌지 조각을 넣어주고 장식합니다."
12418,24.00,Cocktail glass,0,Turf Cocktail,얼음과 모든 재료 (오렌지 껍질 제외)를 저어 칵테일 유리 잔에 넣습니다. 마지막으로 오렌지 껍질의 트위스트를 추가하고 마무리 하세요.
12420,24.00,Cocktail glass,0,Tuxedo Cocktail,모든 재료와 얼음을 함께 저어 섞고 칵테일 유리 잔에 넣습니다. 체리와 레몬의 풍미로 장식합니다 .
12434,15.00,Cocktail glass,0,Valencia Cocktail,모든 재료와 얼음을 함께 흔들어 섞고 칵테일 유리 잔에 넣어 마무리 하세요.
12436,22.00,Old-fashioned glass,0,Van Vleet,"얼음과 모든 재료를 흔들어 섞고, old-fashioned 유리 잔에 붓고 마무리하세요."
12442,12.00,Highball glass,0,Vermouth Cassis,얼음 큐브가 들어간 하이볼 유리 잔에 vermouth와 creme de cassis 를 넣고 저어줍니다. 탄산수로 채우고 다시 저어줍니다.
12444,19.00,Old-fashioned glass,0,Vesuvio,"얼음과 모든 재료를 흔들어 섞고, old-fashioned 유리 잔에 붓고 마무리하세요."
12446,20.00,Old-fashioned glass,0,Veteran,럼과 체리 브랜디를 얼음 조각으로 가득 찬 old-fashioned 유리 잔에 붓고 잘 저어줍니다.
12450,20.00,Cocktail glass,0,Victor,모든 재료와 얼음을 함께 흔들어 섞고 칵테일 유리 잔에 넣어 마무리 하세요.
12452,17.00,Collins glass,0,Victory Collins,얼음과 모든 재료 (오렌지 조각 제외)를 흔들어 섞고 얼음 큐브가 담긴 콜린스 유리 잔에 붓습니다. 오렌지 조각을 넣어 마무리 하세요.
12460,15.00,Highball glass,0,Vodka And Tonic,보드카를 아이스 큐브가 담긴 하이볼 유리 잔에 붓습니다. 토닉 워터로 채우고 저어주고 마무리하세요.
12474,20.00,Cocktail glass,0,Waikiki Beachcomber,모든 재료와 얼음을 함께 흔들어 섞고 칵테일 유리 잔에 넣어 마무리 하세요.
12518,26.00,Collins Glass,0,Whisky Mac,두 재료를 얼음 없이 와인 잔에 붓습니다.
12528,22.00,Old-fashioned glass,0,White Russian,보드카와 커피 리큐어를 아이스 큐브가 들어간 old-fashioned 유리 잔에  붓습니다. 라이트 크림으로 채우고 마무리 하세요.
12560,17.00,Highball Glass,0,Afterglow,재료를 섞고 얼음이 담긴 잔에 부어 제조합니다.
12562,27.00,Cocktail glass,0,Alice Cocktail,잘 흔들어 섞고 큰 칵테일 유리 잔에 붓습니다.
12564,12.00,Highball Glass,0,Apple Karate,모든 재료를 믹서기에 넣고 잘 섞일 때까지 갈아줍니다. 크기가 큰 와인잔 1 개 또는 중간 크기 와인잔 2개 또는 3 개의 작은 유리 잔을 부어 마십니다.
12572,21.00,Highball glass,0,Bora Bora,믹서기 또는 셰이커로 재료들을 섞어 준비하고 하이볼 유리 잔에 붓습니다. 파인애플 1 개와 체리 1 개로 마무리 장식하십시오.
12618,15.00,Highball glass,0,Orangeade,"큰 텀블러나 하이볼 유리 잔에 아이스 큐브를 넣고 레몬 주스, 오렌지 주스, 설탕 시럽을 넣고 잘 저어줍니다. 차가운 탄산수를 위에 붓고 빨대와 함께 제공하십시오."
12630,0.00,Highball glass,0,Rail Splitter,설탕 시럽을 큰 유리 잔에 넣어 레몬 주스와 섞는다. 진저 에일로 채워 마무리 하세요.
12654,0.00,White wine glass,0,Banana Milk Shake,믹서기를 이용해 재료들을 잘 섞으세요. 와인 잔에 붓고 휘핑 크림과 바나나 조각으로 장식하십시오.
12656,0.00,Highball Glass,0,Banana Strawberry Shake,부드러워 질 때까지 믹서기에 모두 함께 섞습니다. 그리고 유리 잔에 부어 마무리 합니다.
12658,0.00,Cocktail Glass,0,Banana Strawberry Shake Daiquiri,부드러워 질 때까지 믹서기에 모두 함께 섞습니다. 그리고 유리 잔에 부어 마무리 합니다.
12668,0.00,Coffee mug,0,Egg Cream,fountain glass 잔에 시럽과 우유를 섞는다. 탄산수를 채워 넣고 빨대와 함께 장식합니다.
12670,0.00,Highball Glass,0,Fruit Cooler,"딸기에 설탕을 넣고 하룻밤 냉장고에 두세요. 레몬을 자르고 두 조각을 남겨둡니다. 나머지는 주스로 만들고, 레몬 주스, 딸기, 사과 주스, 그리고 탄산수를 함께 섞으세요. 레몬 조각을 추가합니다. 유리잔에 얼음과 사과 한 조각을 넣으세요. 음료를 부어 마무리 합니다."
12672,0.00,Highball Glass,0,Fruit Flip-Flop,모든 재료를 믹서기에 넣고 잘 섞일때까지 갈아주세요. 크기가 큰 와인잔 1 개 또는 중간 크기 와인잔 2개 또는 3 개의 작은 유리 잔을 부어 마십니다.
12674,0.00,Highball Glass,0,Fruit Shake,부드럽게 잘 섞일때까지 재료들을 믹서기로 갈아주세요.
12688,0.00,Highball Glass,0,Just a Moonmint,모든 재료를 믹서기에 넣고 잘 섞일때까지 갈아주세요. 크기가 큰 와인잔 1 개 또는 중간 크기 와인잔 2개 또는 3 개의 작은 유리 잔을 부어 마십니다.
12690,0.00,Highball Glass,0,Lassi - A South Indian Drink,"믹서기에 3초간 섞으세요. Lassi는 만들기 가장 쉬운 것 중 하나이고, 만드는 방법은 여러 가지가 있습니다. 기본적으로 버터밀크(물로 거품을 낸 요거트)로, 가장 얇은 것부터 두꺼운 것까지 원하는 거의 모든 농도를 선택할 수 있습니다. 차갑게 유지하여 마무리 하세요."
12692,0.00,Highball Glass,0,Lassi Khara,거품이 될 때까지 믹서기에서 (프라페)를 섞으세요. 찢어진 카레 잎을 넣고 차가운 온도를 유지하며 마무리 하세요.
12694,0.00,Highball Glass,0,Lassi Raita,요거트와 아이스 큐브를 함께 액체가 될 때까지 갈아 섞습니다. 기호에 따라 설탕을 첨가하십시오. 레몬/라임은 선택 사항이지만 약간 타르트 맛을 제공합니다. 소금을 약간 추가해주세요. Raita는 여름에도 좋습니다. 일반적인 샐러드를 먹는 대신 Raita를 대신 만들어 먹어도 괜찮습니다.
12696,0.00,Highball glass,0,Lassi - Sweet,모든 재료를 믹서기에 넣고 거품이 날 때까지 잘 섞어주세요. 그리고 차갑게 유지해 마무리하세요.
12698,0.00,Highball glass,0,Lassi - Mango,모든 재료를 믹서기에 넣고 잘게 으깬 얼음 위에 붓습니다. 딸기와 바나나와 같은 다른 과일을 사용할 수도 있습니다.
12702,0.00,Highball Glass,0,Lemouroudji,"레몬 즙을 내세요. 껍질을 벗기고 생강을 믹서기로 갈으세요. 갈은 생강에 고춧가루를 듬뿍 친 후 면포에 넣고 매듭으로 묶습니다. 물에 담그세요. 15분 정도 후에, 설탕과 레몬 주스를 첨가하세요. 어느정도 시간을 두고 난 후에 유리 잔에 따라 마무리하세요."
12704,0.00,Highball glass,0,Limeade,큰 유리 잔에 라임 주스와 설탕을 넣고 잘 저어줍니다. 차가운 탄산수를 넣어 채우십시오. 라임 껍질을 유리 잔에 넣어 마무리합니다.
12706,24.00,Cocktail glass,0,Imperial Cocktail,얼음과 함께 흔들어 섞고 칵테일 유리 잔에 붓습니다.
12708,9.00,Highball Glass,0,Banana Cantaloupe Smoothie,주스를 믹서기에 붓고 바나나를 넣고 갈아 섞습니다.
12710,0.00,Highball Glass,0,Apple Berry Smoothie,믹서기에 모든 것을 넣고 갈아 섞습니다.
12712,0.00,Highball glass,0,Grape lemon pineapple Smoothie,믹서기에 모든 것을 넣고 갈아 섞습니다.
12714,0.00,Highball Glass,0,Kiwi Papaya Smoothie,믹서기에 모든 것을 넣고 갈아 섞습니다.
12716,0.00,Highball Glass,0,Mango Orange Smoothie,믹서기에 모든 것을 넣고 갈아 섞습니다.
12718,0.00,Highball Glass,0,Pineapple Gingerale Smoothie,믹서기에 모든 것을 넣고 갈아 섞습니다.
12720,0.00,Highball glass,0,Kill the cold Smoothie,강과 레몬의 즙을 내어 뜨거운 물에 넣습니다. 기호에 따라 cardomom도 추가할 수 있습니다.
12722,0.00,Highball glass,0,Strawberry Shivers,모든 재료를 믹서기에 넣고 잘 섞일때까지 갈아주세요. 크기가 큰 와인잔 1 개 또는 중간 크기 와인잔 2개 또는 3 개의 작은 유리 잔을 부어 마십니다.
12724,0.00,Highball Glass,0,Sweet Bananas,모든 재료를 믹서기에 넣고 잘 섞일때까지 갈아주세요. 크기가 큰 와인잔 1 개 또는 중간 크기 와인잔 2개 또는 3 개의 작은 유리 잔을 부어 마십니다.
12726,0.00,Highball glass,0,Tomato Tang,모든 재료를 믹서기에 넣고 잘 섞일때까지 갈아주세요. 크기가 큰 와인잔 1 개 또는 중간 크기 와인잔 2개 또는 3 개의 작은 유리 잔을 부어 마십니다.
12728,0.00,Highball Glass,0,Yoghurt Cooler,모든 재료를 믹서기에 넣고 잘 섞일때까지 갈아주세요. 크기가 큰 와인잔 1 개 또는 중간 크기 와인잔 2개 또는 3 개의 작은 유리 잔을 부어 마십니다. 참고: 얼음을 많이 사용하십시오.
12730,0.00,Coffee mug,0,Castillian Hot Chocolate,코코아와 설탕을 냄비에 넣습니다. 물에 옥수수 전분을 녹여 코코아와 설탕이 부드러운 페이스트가 될 때까지 저어줍니다. 내용물들을 가열하면서 저어주고 조금씩 우유를 부어 넣으십시오. 초콜릿을 약 10 분 동안 끓여서 두껍고 매끄러워질 때까지 계속 저어주십시오. 이후 머그잔에 따라 마무리 합니다.
12732,0.00,Coffee mug,0,Chocolate Beverage, 우유를 5 분 동안 끓입니다. 그 후 불에서 꺼내고 초콜릿을 넣고 cinnamon과 조금씩 섞어가며 천천히 계란 거품기로 휘저으세요. 초콜릿이 완전히 섞이면 끓을때 까지 다시 가열하십시오. 계란을 넣어 섞고 내용물이 거품이 될 때까지 끊임없이 휘젓습니다. 머그잔에 따라 마무리하세요.
12734,0.00,Coffee mug,0,Chocolate Drink,끓는 물에 bar를 녹입니다. 우유를 추가하십시오. 가열 될 때까지 부드럽게 휘젓고 (거품기로)  끓을때 까지 가열하지 마세요! 커피 머그잔에 따라 마무리하십시요. 
12736,0.00,Coffee mug,0,Drinking Chocolate,"크림과 우유를 시나몬과 바닐라빈과 함께 15분에서 20분간 아주 천천히 가열하세요. (빈이없는 경우 1-2 tsp의 바닐라를 추가하십시오). 바닐라 빈과 시나몬을 제거하십시오. 초콜릿을 추가하십시오. 완전히 녹을 때까지 섞으십시오. 신선한 휘핑 크림을 얹어 제공하십시오. 더 풍부한 초콜릿을 원하는 경우 4oz의 우유, 크림 4 온스, 초콜릿 4oz를 사용하십시오. 머그잔에 따라 마무리하십시오."
12738,0.00,Coffee mug,0,Hot Chocolate to Die for,"초콜릿, 버터, 바닐라를 녹입니다. 크림이 될 때까지 부드럽게 저어 만듭니다."
12744,0.00,Coffee mug,0,Microwave Hot Cocoa," 설탕, 코코아, 소금, 뜨거운 물을 1쿼트의 마이크로프로프루프 측정 컵(또는 커피 머그잔)에 섞습니다. 높은 온도(100%)에서 1분에서 1분 반 동안 또는 끓을 때까지 전자레인지에 돌립니다. 우유, 시트르를 넣고 전자레인지에 1분 30초에서 2분 또는 뜨거울 때까지 돌립니다. 바닐라를 넣고 잘 섞으세요."
12746,0.00,Coffee mug,0,Nuked Hot Chocolate,커피 잔에 약간의 우유 (1 온스 정도)를 넣는다. 약 30-50 초 동안 따뜻하게 가열해줍니다. 가열된 코코아가 녹을 때까지 저어줍니다. 머그잔을 우유로 채우십시오. 선호에 따라 1 ~ 2분정도 추가로 가열하십시오.
12748,0.00,Coffee mug,0,Orange Scented Hot Chocolate,모든 재료를 중간크기의 냄비에 섞으세요. 초콜릿이 녹을 때까지 저열로 저어줍니다. 열을 늘리고 자주 저어 주면서 끓입니다. 열에서 잠깐 꺼내어 거품이 날때까지 휘젓습니다. 다시 불에 올려 끓입니다. 또 불에서 꺼내어 거품이 될 때까지 휘젓습니다. 끓이기와 휘젓기를 다시 한 번 반복하십시오. 오렌지 껍질을 제거합니다. 이는 2시간 전부터 준비를 해야하며 가열 한 후 실온에서 보관하십시오. 해당 음료를 서빙하기 전에 끓여서 거품이 될 때까지 휘저은 후에 핫 초콜릿을 커피 머그잔에 붓습니다.
12750,0.00,Coffee mug,0,Spanish chocolate,초콜릿이 녹을 때까지 초콜릿과 시나몬과 우유를 저열에서 저어줍니다. 계란을 넣고 내용물이 두껍게 혼합될 때까지 섞어주고 끓지 않도록주의하십시오. 커피 머그잔에 따라 마무리십시오.
12752,19.00,Shot glass,0,Lemon Shot,"Galliano와 Absolut Citron을 샷 유리 잔에 넣어 섞고, 유리 잔 위에 설탕을 뿌린 레몬 웨지를 깔고 웨지 위로 럼을 붓습니다. 라이터로 럼주에 불을 붙혀 잠시 불에 타게 해주세요. 이후 빠르게 샷을 마시고 레몬을 빨아먹습니다. 이를 통해 달콤한 레모네이드 맛을 느낄 수 있습니다."
12754,20.00,Highball glass,0,Sex on the Beach,얼음으로 채워진 하이볼 유리 잔에 모든 재료를 만들어냅니다. 오렌지 조각으로 장식합니다.
12756,18.00,Highball glass,0,Autodafé,재료들을 섞고 탄산수를 넣어 채우십시오. 
12758,18.00,Cocktail glass,0,Gagliardo,재료를 잘 흔들어 섞고 칵테일 유리 잔을제공하십시오. 이 음료는 이탈리아 파비아 주 American/Internet Bar Del Pozzo의 일반적인 칵테일입니다.
12760,32.00,Highball glass,0,Surf City Lifesaver,큰 얼음과 소다를 긴  유리 잔에 넣어줍니다. 체리와 grin으로 마무리 장식을 합니다.
12762,13.00,Collins Glass,0,Grizzly Bear,모든 재료들을 얼음과 함께 부어 만듭니다.
12764,15.00,Highball glass,0,Karsk,구리 동전을 커피 컵에 안에 넣고 더 이상 동전이 보이지 않을 때까지 커피로 채운 뒤 동전이 보일 때까지 알코올을 채워 넣으십시오.  
12766,16.00,Highball glass,0,Happy Skipper,Captain Morgan's Spiced Rum 을 얼음 위로 붓고 진저 에일로 유리 잔을 채우십시오. 라임으로 장식하십시오. 
12768,0.00,Highball Glass,0,Frappé,재료들을 같이 섞고 믹서기의 최고 속도로 약 1 분 동안 갈아 주십시오. 유리 잔에 내용물들을 붓고 빨대로 장식하여 마무리하십시오. 참고 : 재료가 차가울 수록 더 마싰습니다. 
12770,0.00,Coffee mug,0,Iced Coffee,커피와 설탕이 녹을 때까지 함께 섞으십시오. 우유를 추가하십시오. 잘 흔들어. 블렌더 또는 밀크 쉐이크 제조업체를 사용하면 매우 거품이 많은 음료가 생성됩니다. 커피 머그잔으로 제공하십시오.
12772,7.00,Coffee mug,0,Iced Coffee Fillip,커피 머그잔에 재료들을 넣어 함께 섞고 식혀 마무리합니다.
12774,0.00,Coffee Mug,0,Masala Chai,물 2 컵을 끓입니다. 모든 재료를 넣고 약 15 초 동안 다시 끓입니다. 끓인 후 잠시 식히고 그 동안 따뜻한 우유를 준비합니다. 차를 컵에 우려냅니다. 이후 따뜻한 우유와 설탕과 재료들을 컵에 부어 마무리합니다. 
12776,0.00,Coffee mug,0,Melya,"에스프레소를 끓입니다. 커피 머그잔에, 달지 않은 가루 코코아 1티스푼을 넣고, 그 다음 티스푼에 꿀을 부어 컵에 넣은 후 섞으세요. 커피가 끓을 때 저어주세요, 다크 초콜릿 소스처럼 될 때까지 섞어줍니다. 이후 꿀에다가 뜨거운 에스프레소를 붓고 섞어서 녹입니다. 마지막으로 크림을 곁들여 내세요."
12780,0.00,Coffee mug,0,Spiking coffee,재료들을 커피 머그잔에 따라 만듭니다. 선호에 따라 시나몬 가루나 콩을 추가해도 좋습니다.
12782,0.00,Highball glass,0,Thai Coffee,커피 메이커의 필터 콘에 커피와 향신료를 넣으세요. 커피를 끓이고 식히세요. 큰 유리잔에 설탕 1~2티스푼을 커피 1온스에 녹이세요. 5-6개의 얼음을 넣고 컵 위에서 약 1인치 이내로 커피를 부으세요. 커피 위에 스푼을 놓고 천천히 휘핑크림을 스푼에 부으세요. 이를 통해 크림이 커피 위에 뜨게 할 것입니다.
12784,0.00,Highball glass,0,Thai Iced Coffee,커피를 준비하십시오. 갈아준 커피에 2 개 또는 3 개의 신선한 갈아준 cardamom을 넣으십시오. 뜨겁게 달궈준 후 빨르게 식혀줍니다. 이후 얼음이 담긴 하이볼 유리 잔에 크림과 함께 부어 제조하십시오. 
12786,0.00,Highball glass,0,Thai Iced Tea,"타이차 (분말), 끓는 물, 달달한 농축 우유를 섞어 잘 저어줍니다. 아이스 큐브로 채워진 긴  유리 잔 2 개에 붓습니다. 박하 잎으로 장식합니다. "
12790,20.00,Jar,0,Absinthe #2,재료를 함께 섞고 며칠을 두십시오. 이후 커피 필터에 걸러준 뒤 1인분 양과 4인분 양의 물을 섞고 얼음을 넣어 마무리하세요.
12792,18.00,Collins Glass,1,Amaretto Liqueur,"설탕과 3/4 컵의 물을 작은 냄비에 섞습니다. 끊임없이 저어 끓입니다. 모든 설탕이 용해 될 때까지 열을 줄이면서 끓여줍니다. 불을 끄고 식혀주세요. 용기에서 살구 반쪽, 아몬드 추출물, 곡물 알코올, 1/2 컵의 물, 브랜디를 다같이 섞으세요. 이후 식혀둔 설탕물을 저어줍니다뚜껑을 덮고 이틀 동안 놓아두세요. 살구 반쪽을 제거합니다. (살구 반쪽을 꺼내어 나중에 다른 요리에 사용할 수 있습니다.). 식용 색소와 글리세린을 추가하십시오. 저은 후 다시 재운 다음 1~2개월 동안 숙성을 계속합니다. 이후 꺼내어 먹습니다."
12794,21.00,Collins Glass,1,Angelica Liqueur,"모든 허브, 견과류, 향신료를 1쿼트 이상의 숙성 용기에 보드카와 함께 섞으세요. 뚜껑을 꼭 닫고 2주 동안 매일 흔드세요. 고운 모슬린 천이나 커피 필터를 통해 고형물을 걸러냅니다. 용기를 씻어주고 내용물을 용기에 다시 넣습니다. 설탕과 물을 소스팬에 넣고 중간 불에서 섞이도록 저으세요. 설탕이 완전히 녹으면 옆에 두고 식히세요. 식으면 식용 색소와 섞고 액체에 첨가하세요. 뚜껑을 덮고 서늘하고 어두운 곳에서 한 달 동안 숙성시킵니다."
12796,20.00,Collins Glass,0,Caribbean Orange Liqueur,오렌지에의 껍질을 아주 얇게 벗겨내세요. 껍질의 여분의 기름을 제거하기 위해 종이 타월에 껍질을 닦습니다. 4개의 유리 병에 껍질을 넣습니다. 보드카 2 잔을 넣으세요. 병을 닫습니다. 시원하고 어두운 곳에서 이틀 동안 보드카가 맛을 흡수할 때까지 보관하세요. 이후 껍질을 제거하고 남은 보드카를 더 넣습니다. 병을 닫고 남은 보드카 한 잔을 추가하세요. 병을 닫고 서늘하고 어두운 곳에 보관하세요. 적어도 한 달은 숙성시키세요.
12798,12.00,Collins Glass,0,Coffee Liqueur,"커피, 설탕, 물을 섞으세요. 1 시간 동안 끓이고 식히십시오. 바닐라와 보드카를 추가하십시오. 밀봉 된 유리 잔에 2 ~ 3주 동안 보관해주세요."
12800,11.00,Collins Glass,0,Coffee-Vodka,완전히 녹을 때까지 물과 설탕을 끓입니다. 이후 불을 끄고 인스턴트 커피를 천천히 넣고 계속 저어주십시오. 다진 바닐라 콩을 보드카에 넣고 차가운 설탕 시럽과 커피를 보드카와 섞으세요. 단단히 덮어 보관하고 매일 3 주 동안 흔들어주십시오. 필터에 부어 내용물을 걸러냅니다. 설탕 혼합물을 완전히 식혀야 보드카를 넣을 때 보드카가 증발하지 않을 것입니다. 더 부드러운 느낌을 좋아한다면 이후에 약 1 티스푼만큼의 글리세린을 추가 해도 좋습니다.
12802,14.00,Collins Glass,0,Cranberry Cordial,다진 크랜베리를 2 리터짜리 항아리에 넣으십시오. 설탕과 럼을 추가하십시오. 뚜껑을 단단히 닫고 항아리를 시원하고 어두운 곳에 놓습니다. 항아리를 뒤집어 매일 6 주 동안 흔들어주십시오.  이후 병에 내용물을 넣고 코르크로 닫아 밀봉하십시오.
12808,14.00,Collins Glass,0,Creme de Menthe,설탕과 물을 끓여서 10 분 동안 끓여줍니다. 식혀준 뒤 나머지 재료를 넣고 저어줍니다. 이후 한달 동안 덮어주고 무르익게 보관하세요.
12820,17.00,Irish coffee cup,0,Irish Cream,scotch와 우유를 섞습니다. 반반씩 더 추가하고 나머지 재료들을 넣어 완성하세요. 
12854,21.00,Collins Glass,0,Scottish Highland Liqueur,숙성 용기에 모든 재료를 섞으세요. 첫 24 시간까지는 단단히 덮어주고 여러 번 부드럽게 흔들어 줍니다. 24 시간 이후에는 레몬 조각을 제거해주세요 . 다시 용기를 덮고 2 주 동안 시원하고 어두운 곳에 보관하고 매일 부드럽게 흔들어 주세요. 철사 체에 부어 걸러내어 안젤리카 뿌리와 회향을 제거합니다. 다시 용기에 넣고 뚜껑을 덮어 서늘하고 어두운 곳에 6개월간 보관합니다. 이후 깨끗이 씻은 병에 내용물을 부어줍니다.
12856,20.00,Collins Glass,0,Tia-Maria,"물, 설탕,커피를 10 분 동안 끓여주고 식히십시오. 이후 럼과 바닐라를 추가하십시오. 그리고 병에 옮겨 넣고 1 주일 동안 그대로 보관하세요."
12862,7.50,Collins Glass,1,Aloha Fruit punch,"생강 뿌리에 1/4 컵의 물을 넣고 3분간 끓이세요.  Guava, 레몬, 파인애플 주스에 끊인 내용물을 넣어주세요.  설탕과 남은 물로 시럽을 만드세요. 식혀주고 나서 주스와 파인애플과 섞으세요."
12864,0.00,Collins Glass,1,Apple Cider Punch,모든 향신료와 정향을 면포에 담아 묶고 물에 가열하면서 가끔 저어주세요. 알코올 음료를 원한다면 럼에 추가하여 마실 수 있습니다.
12870,18.00,Punch bowl,0,Artillery Punch,큰 그릇에 모든 재료와 얼음을 함께 섞으세요. 너무 건조한 것 같으면 설탕 시럽을 첨가해도 좋습니다. 마지막에 레몬 껍질을 꼬아서 장식하세요.
12876,20.00,Collins Glass,0,Berry Deadly,큰 그릇에 모든 재료를 추가하십시오. 부드럽게 저어 만드세요. 
12890,0.00,Punch Bowl,1,Cranberry Punch,처음 네 가지 재료를 함께 섞으세요. 설탕이 녹을 때까지 저어줍니다. 그런 다음 서빙 직전에 진저 에일을 추가하십시오. 음료를 차갑게 유지하기 위해 아이스 링을 추가하십시오.
12910,13.00,Punch bowl,0,Egg Nog #4,작은 그릇에 계란 노른자가 섞일 때까지 휘저으세요. 설탕 1/4컵을 천천히 넣고  걸쭉하고 레몬색이 될 때까지 저으세요. 우유 - 럼주 - 버번 -  바닐라 - 소금을 넣고 저으세요. 생크림. 거품기를 잘 씻으세요. 큰 믹서 그릇에 달걀 흰자를 넣고 부드러운 봉우리가 생길 때까지 휘저으세요. 남은 1/4컵의 설탕을 넣으세요. 노른자와 섞은 혼합물과 휘핑 크림을 달걀 흰자와 섞으세요. 이후 위에 육두구를 뿌리세요. 서빙할 때는펀치 그릇이나 다른 큰 그릇에 담아 내세요. 참고: 무알코올 에그노그의 경우 버번과 럼을 제외하고 위와 같이 에그노그를 준비하고 우유를 3컵으로 늘립니다.
12914,14.00,Pitcher,0,Egg-Nog - Classic Cooked, 큰 냄비에 계란 - 설탕 - 소금을 함께 섞으세요. 우유 2컵을 넣고 저으세요. 약한 불에서 계속 저으면서 혼합물이 펜에 넓게 펴질때까지 요리하세요. 이후 불을 끕니다. 나머지 2컵의 우유와 바닐라를 넣고 저으세요. 뚜껑을 덮고 완전히 식을될 때까지 몇 시간 또는 밤새 냉장하세요. 서빙하기 직전에 그릇이나 주전자에 부으세요. 그리고 장식을 합니다. 다음 중 하나 또는 여러 개를 선택하여 장식합니다: 초콜릿 컬 - A249 계피 스틱 - 향료 추출 - 브랜디 또는 리큐어 - 과일 주스 또는 꿀 - 갈은 육두구 - 마라스키노 체리 - 오렌지 슬라이스 - 페퍼민트 스틱 또는 캔디 캔 - 플레인 브랜디 - 럼 또는 위스키 - 셔벗 또는 아이스크림 -  휘핑 크림.
12916,12.00,Collins Glass,0,Egg Nog - Healthy,달걀과 설탕을 함께 섞어주고 바닐라 우유와 우유 및 럼을 섞습니다. 잘 섞어주세요. 하룻밤 재워두고 위에 육두구를 뿌려 장식합니다.  (6인분입니다.)
12944,8.50,Irish coffee cup,0,Gluehwein,설탕과 향신료를 물에 끓여서 30 분 동안 두십시오. 향신료에 우려진  물을 와인과 섞으십시오. 끓을때까지 천천히 가열해주세요 (알코올을 제거하려면 한동안 끓이세요.) 맛을 내기 위해 레몬이나 오렌지 주스를 추가해도 좋습니다. 아일랜드 커피 컵에서 부어 마무리 하십시오.
12954,0.00,Punch bowl,0,Holloween Punch,포도 주스와 탄산음료(클럽 소다나 진저에일 또는 레몬라임 등)를 준비하세요. 전부 펀치 그릇에 섞습니다. 오렌지 셔버트과 라임 셔버트를 준비하고 펀치에 담겨있는 음료 위에 띄워 서서히 녹아 퍼지게 하세요.
12988,7.00,Collins Glass,0,Mulled Wine,스테인리스 냄비에 10 분 동안 설탕과 정향과 시나몬 스틱과 레몬 껍질과 3 컵의 물을 끓입니다. 와인을 추가 한 끓기 직전 (90도정도)까지 가열해주고 브랜디를 추가하십시오.
13020,12.00,Pitcher,0,Sangria,주전자에 모두 섞고 냉장 보관하세요. 정향과 시나몬 스틱을 맛보십시오. 와인 잔에 담아 마무리 합니다.
13024,12.00,Pitcher,0,Sweet Sangria,"설탕을 뜨거운 물에 녹이고 식히세요. 감귤류의 과일의 껍질을 쐐기 모양으로 깍아 준비하세요. 와인, 설탕 시럽, 과일, 그리고 프레스카(Fresca)를 주전자에 넣고 섞어 몇 시간 동안 냉장고에 넣으세요. 이후 빨대와 함께 긴 유리잔에 담아 마무리하세요."
13026,12.00,Pitcher,0,Sangria The  Best,"와인, 설탕, 과일을 섞고, 18 - 24시간 동안 냉장고에 두세요. 내용물이 다소 시럽 같은 농도를 가지게 될 것입니다. 브랜디와 함께 저으면서 탄산수를 넣으며 더 얇고 와인과 같은 농도가 될 때까지 섞으세요. 와인 잔에 부어 마무리 하세요"
13032,0.00,Collins Glass,0,Spiced Peach Punch,"복숭아 과즙, 오렌지 주스 그리고 흑설탕을 큰 냄비에 섞으세요. 시나몬과 정향을 면포에 넣고 묶으세요. 냄비에 넣은 후 설탕이 녹을 때까지 계속 저어가며 천천히 가열하세요. 10분간 끓이세요. 뜨거운 머그잔에 부어 마무리하세요."
13036,0.00,Collins Glass,0,Strawberry Lemonade,모든 재료를 믹서기에 넣고 부드럽게 될 때까지 섞으십시오. 얼음과 같이 따라 마무리하세요.
13042,5.00,Punch bowl,0,Sunny Holiday Punch,펀치 그릇에 모든 재료를 넣고 섞어서 제조합니다.
13056,5.00,Collins Glass,0,Wine Cooler,와인과 소프트 음료를 섞어 주세요. 유리 잔에 붓고 얼음을 추가하세요.
13058,4.00,Collins Glass,0,Wine Punch,모든 재료를 섞고 얼음 위에 부어 마무리 합니다.
13066,17.00,Shot glass,0,Bruce's Puce,"샷 글라스에 체리와 함께 그레나딘, 칼루아, 베일리의 아이리쉬 크림을 같은 양으로 겹겹이 놓아 만듭니다."
13068,15.00,Shot glass,0,Brave Bull Shooter,타바스코를 샷 유리 잔 바닥에 붓고 데킬라로 채웁니다.
13070,10.00,Shot glass,0,Fahrenheit 5000,Tabasco 소스로 샷 유리 잔의 바닥을 덮은 다음 절반은 Firewater로 채우고 나머지 절반은 Absolut Peppar로 채워 마무리 합니다.
13072,0.00,Highball glass,0,Popped cherry,"하이볼 잔에 얼음을 넣고 체리 주스, 보드카, 오렌지 주스를 넣어 섞어 만듭니다."
13086,10.00,Collins Glass,0,Atomic Lokade,"셰이커에서 레모네이드, 보드카,  blue Curacao, triple sec을 다같이 넣고 얼음과 같이 흔들어 섞은 후에 유리 잔에 붓습니다. 설탕을 첨가하여 마무리 하세요."
13128,4.00,Pint glass,0,Diesel,라거를 먼저 붓고 Blackcurrant concial을 추가합니다. 이후 사이다를 채워주세요. 음료의 색상이 기네스의 색상과 비슷하게 어두워야 합니다.
13162,8.00,Collins Glass,0,Afternoon,얼음이 없는 스위트 유리 잔에 재료를 쌓으십시오. 기호에 따라 위에 크림을 얹어 마무리합니다.
13190,15.00,Old-fashioned glass,0,Kool-Aid Shot,얼음을 큰 유리 잔에 넣고 재료들을 넣어 저어줍니다. 맛을 내기 위해 약간의 크랜베리 주스를 추가하십시오.
13192,20.00,Collins Glass,0,National Aquarium,모든 재료를 얼음 쉐이커에 붓습니다. 잘 흔들어 섞어서 만듭니다.
13194,19.00,Shot glass,0,Damned if you do,샷 유리 잔에 따라 마십니다.
13196,22.00,Highball glass,1,Long vodka,"아이스 큐브와 Angostura로 긴 유리 잔을 흔들어 유리 내부 면을 코팅하십시오. 보드카를 붓고 라임 1 조각을 넣고 나머지 레몬 조각에서 즙을 짜내어 넣고, 토니 워터를 추가해 저어줍니다."
13198,14.00,Shot glass,0,Quick F**K,"샷 유리 잔에 1/3 Kahlua를 먼저 추가하십시오. 그런 다음 1/3 Miduri를 넣어 준 뒤, 1/3 Bailey 's Irish Cream으로 토핑을 하여 마무리 하세요."
13200,20.00,Highball glass,0,Owen's Grandmother's Revenge,믹서기에 모든 재료를 첨가하고 섞어 줍니다.
13202,11.00,Collins Glass,0,Flaming Dr. Pepper,"Amaretto, Bacardi, Vodka를 다 같이 넣습니다. 이후  Dr. Pepper와 맥주를 다같이 섞습니다."
13204,23.00,Cocktail glass,0,New York Lemonade,차가운 칵테일 유리 잔에 부어 만듭니다. 유리 잔의 가장자리에 레몬과 설탕을 준비해주고 음료를 저어 마무리 합니다.
13206,32.00,Collins Glass,0,Caipirissima,Caipirinha와 동일하지만 Cachaca 대신 White Rum을 추가합니다. 
13214,17.00,Cocktail glass,0,Pisco Sour,"재료들을 아이스 큐브가 들어간 칵테일 셰이커에 넣어 흔들어 섞고, 유리 잔에 부어준 뒤 bittters로 장식하십시오."
13222,18.00,Shot glass,0,Big Red,재료를 1 온스 만큼의 샷 유리 잔에 붓습니다.
13282,4.50,Pint glass,0,Black & Tan,Bass로 파인트 유리 잔의 반 정도를 채웁니다. 다음은 유리 잔이 가득 찰 때까지 숟가락에 천천히 Guiness를 부어줍니다. 이렇게 따라주어 밑에가 bass가 되고 위에가 guiness가 유지되게 합니다.
13328,0.00,Shot Glass,0,Chocolate Milk,우유를 바닥에 붓고 그 위에  Liquer을 붓고 amaretto를 약간 추가하십시오. 섞지 마십시오. 
13332,21.00,Collins Glass,0,B-53,"Kahlua, Sambucca, Grand Marnier를 순서대로 샷 유리 잔에 겹쳐 붓습니다."
13377,24.00,Highball glass,0,Sea breeze,얼음으로 채워진 하이볼 유리 잔에 모든 재료를 넣어만들어냅니다. 라임 웨지로 장식합니다.
13389,5.50,Pint glass,0,Snake Bite (UK),재료들을 파인트 유리 잔에 부어 만듭니다.
13395,19.00,Shot glass,0,Bob Marley,2 온스 샷 유리 잔이나 작은 유리 잔에 재료들을 겹겹이 쌓아 만듭니다.
13405,15.00,Shot Glass,0,Brainteaser,"유리 잔 안에 erin, sambuca, avocart 순으로 넣어 겹겹이 쌓아 만듭니다."
13423,23.00,Collins Glass,0,Atlantic Sun,모든 재료를 흔들어 섞은 후 탄산 음료를 넣으세요. 마무리로 오렌지 조각으로 장식하십시오.
13497,0.00,Pint glass,0,Green Goblin,"사이다를 먼저 넣고, 라거를 넣은 후 Curacao를 넣어서 음료를 만듭니다."
13499,24.00,Collins Glass,0,Oreo Mudslide,"보드카, 칼루아, 베일리 아이스크림과 오레오를 믹서기에 잘 섞으세요. 차가운 유리 잔에 따르세요. 휘핑크림과 체리로 장식합니다."
13501,25.00,Shot glass,0,ABC,샷 유리 잔에 재료들을 겹쳐서 넣어 만듭니다.
13535,18.00,Collins Glass,0,Pink Panty Pulldowns,모든 재료를 잘 흔들어 섞어서 만듭니다.
13539,20.00,Collins Glass,0,Ice Pick,아이스 티로 채워진 유리 잔에 보드카를 가득 찰 때까지 넣으십시오. 
13581,30.00,Collins Glass,0,410 Gone,
13621,38.00,Highball glass,3,Tequila Sunrise,데킬라와 오렌지 주스를 얼음이 담긴 유리 잔에 붓습니다. 그레나딘을 첨가합니다. (그레나딘이 바닥에 가라 앉으며 일출처럼 보이는 효과를 만듭니다.) 장식하고 마무리하세요.
13625,24.00,Cocktail glass,0,Screaming Orgasm,"보드카,  Bailey's, kahlua를 순서대로 으깬 얼음이 담긴 칵테일 유리 잔에 넣어 저어줍니다. 주의 : 고품질의 보드카만 사용하십시오. 저렴한 보드카를 사용할 시 베일리스가 응고 될 수도 있습니다. 먼저 보드카와 베일리의 각각 1 tsp를 혼합하여 보드카의 품질을 테스트하십시오."
13675,16.00,Collins Glass,0,Flander's Flake-Out,둘 다 섞어서 만들어 주세요.
13683,15.00,Shot glass,0,Apple Slammer,"샷 유리 잔에 음료들을 붓고, 음료를 마시기 전에 손바닥으로 샷 글라스의 상단을 덮어 들어 올립니다. 이후 책상 위로 살짝 강하게 한번 내리친 후 빠르게 마십니다."
13731,25.00,Collins Glass,0,Amaretto Sour,"재료들을 흔들어서 유지잔에 붓고, 마무리로 체리와 오렌지 조각으로 장식하십시오."
13751,36.00,Highball glass,0,Cuba Libra,긴  유리 잔을 아이스 큐브로 채우십시오. 럼을 추가하십시오. 유리 잔의 테두리에 라임 조각을 문지른 다음 라임 즙을 유리 잔 안에 짜십시오. 코카콜라로 채우십시오. 라임 슬라이스로 장식하십시오. 
13775,30.00,Cordial glass,0,Jelly Bean,ponny 유리 잔에 블루 큐라카오를 붓고 레모네이드를 거의 가득 채웁니다. 그레나딘을 숟가락의 뒷면에 부어 컵의 옆면을 따라 바닥으로 가라앉게 하여 완성합니다.
13807,26.00,Shot glass,0,After Five,1. Kahlua를 샷 유리 잔에 약 1/2이 찰 때까지 붓습니다. 2. 숟가락 (거꾸로)을 사용하여 유리 잔에 약 3/4이 찰 때까지 페퍼민트 Schnapps를 천천히 붓습니다. Kahlua 아래로 Schnapps가 흘러들어가 투명한 층을 만들 것입니다. 3. 이번에는 숟가락의 오른쪽 부분을 사용해  베일리 층으로 유리 잔을천천히 얹습니다. 숟가락을 Kahlua 층의 바로 위에 놓고 잔이 가득 찰 때 들어 올리도록 주의하세요. 이렇게 Kahlua위에 떠있는 Bailey 층을 쌓아 줍니다. 4. 페퍼민트 패티와 같은 것을 넣고 한번에 아래로 한번 찍어 섞으세요.
13825,22.00,Old-fashioned glass,0,Midnight Manx,"믹서를 얼음으로 채우고 Baileys, Kahlua, Goldshlager, Cream을 넣으세요. 5 초 동안 섞어주고 얼음으로 채워진 double rocks 유리 잔에 붓습니다. 커피를 추가해서 마무리 합니다."
13837,17.00,Champagne Flute,0,Kir Royale,유리 잔에 먼저 Creme de cassis를 붓고 그 위에 부드럽게 샴페인을 부어 마무리 합니다.
13847,35.00,Collins Glass,0,Jackhammer,"얼음이 담긴 collins 유리 잔에 잭 다니엘스를 붓고, 그 다음에 아마레토를 넣습니다. 빨대와 함께 마무리합니다."
13861,17.00,Highball Glass,0,Nutty Irishman,프란젤리코를 부으세요. 스푼의 뒷면에 아이리쉬 크림을 천천히 부어서 위에 올리세요.
13899,41.00,Collins glass,0,3 Wise Men,재료들을 Collins 유리 잔에 넣고 한번에 섞으세요.
13936,16.00,Cocktail glass,0,Miami Vice,첫 번째: Pina Colada와 2.5온스의 럼주를 얼음과 함께 섞어줍니다. Daiquiri와 2.5온스의 럼주를 얼음과 함께 섞으세요. 아주 차가운 상태에서 Pina Colda Mix를 추가한 다음 Daiquiri 믹스를 유리 잔에 넣습니다.
13938,38.00,Highball Glass,0,AT&T,보드카와 진을 얼음이 담긴 유리잔에 붓고 탄산수를 넣고 저어줍니다.
13940,36.00,Collins Glass,0,69 Special,진 2온스를 부으세요. 7up 음료를 4온스 더하세요. 맛을 위해 레몬 주스를 추가하세요. 선호에 따라 7-Up음료를 더 추가해도 좋습니다.
13971,19.00,Irish coffee cup,0,Irish Coffee,"커피, 위스키, 설탕을 따뜻하게 가열해줍니다. 끓이지 말고 그 전까지 데워줍니다. 이후 유리 잔에 따르고 그 위에 크림으로 부어 마무리합니다."
14029,29.00,Highball glass,0,57 Chevy with a White License Plate,얼음이 가득찬 rock 유리 잔에 재료들을 넣고 채우십시오. white creme de cacao와 보드카를 추가하여 마무리합니다.
14053,18.00,Shot glass,0,Mother's Milk,재료들을 얼음들과 같이 흔들어 섞어 만듭니다.
14065,21.00,Old-fashioned glass,0,Zippy's Revenge,Kool-Aid를 넣어 맛을 낸 후 럼주와 ammaretto를 넣으세요. 잘 흔들어서 설탕도 잘 녹여주어 마무리합니다.
14071,23.00,Highball glass,0,Belgian Blue,유리 잔에 모든 재료를 붓고 저어주어 마무리합니다.
14087,15.00,Old-fashioned glass,0,Red Snapper,"진, 토마토 주스, 레몬 주스, 타바스코와 우스터셔 소스를 얼음이 있는 셰이커에 넣고 잘 섞일 때 까지 흔들어 줍니다. Old-fashioned 유리 잔에 붓고 셀러리 줄기와 라임 조각으로 장식합니다."
14095,33.00,Hurricane glass,0,Jamaica Kiss,텀블러를 아이스 큐브로 채우십시오. 티아 마리아 샷 한 잔과 자메이카 라이트 럼  샷 한 잔을 추가하십시오. 텀블러를 우유로 채우십시오. 부드러워 질때까지 섞어주어 마무리 합니다.
14107,21.00,Collins glass,0,Absolut Summertime,얼음으로 채워진 셰이커에 레몬 빼고 모든 재료를 넣으세요. 흔들어서 섞어주고 얼음으로 채워진 콜린스 유리 잔에 부어주고 레몬으로 장식하십시오.
14133,27.00,Cocktail Glass,2,Cosmopolitan Martini,"얼음으로 반 정도 채워진 믹싱 잔에 재료들을 넣어 섞어주고, 차가운 마티니 유리 잔에  부어 마무리합니다."
14157,13.00,Collins Glass,0,Ziemes Martini Apfelsaft,버몬트와 주스를 섞어주고 얼음없이 마무리하세요. 음료의 온도는 실온정도의 온도가 적절합니다.
14167,28.00,Cocktail glass,0,Vodka Martini,보드카와 버몬트를 여러 아이스 큐브와 함께 흔들어 섞고 칵테일 유리 잔에 붓고 올리브를 넣어 마무리 하세요.
14181,16.00,Coffee mug,0,Cafe Savoy,"머그잔에 커피를 거의 가득 채우세요.우유, triple SEC, 브랜디를 넣고 섞어 마무리합니다."
14195,11.00,Highball glass,0,Snowball,아이스 큐브 하나를 유리 잔에 넣고 1/2 oz만큼의 Advocaat를 넣습니다. 레모네이드로 유리 잔을 채우고 레몬 조각으로 마무리 장식하십시오. 
14209,14.00,Irish coffee cup,0,Mocha-Berry,머그잔이나 아이리쉬 커피잔에 6온스의 커피를 부으세요. 코카 믹스와 chambord를 넣고 잘 섞은 후 생크림을 얹으세요.
14229,32.00,Shot glass,0,747,"kaluha, Baileys, Frangelico순으로 재료를 넣어 마무리합니다."
14272,26.00,Old-fashioned glass,0,Addison Special,순서대로 재료를 쉐이커에 섞으세요. 얼음을 쉐이커에 반 정도 가득 채우고 잘 흔들어줍니다. 얼음이 담긴 유리 잔에 붓고 체리와 오렌지 조각으로 장식하십시오.
14282,18.00,Highball glass,0,California Root Beer,Kahlua와 Galliano를 소다가 채워진 하이볼 유리 잔에 넣어 섞어줍니다.
14306,20.00,Collins Glass,0,Amaretto Stone Sour,재료들을 흔들어 섞어주고 얼음이 담긴 유리 잔에 부어 마무리 하세요.
14356,29.00,Collins glass,0,Blind Russian,유리 잔을 얼음으로 채우십시오. 모든 Liquers를 추가하십시오. 우유를 추가하십시오. 섞어줍니다.
14360,41.00,Old-fashioned glass,0,Absolut Sex,"Absolut Kurant, Midori, 크랜베리 ​​주스를 얼음이 담긴 쉐이커에 넣어 섞어 줍니다. 이후 rock 유리 잔에 부어 마무리합니다."
14364,30.00,Punch bowl,0,Aztec Punch,손잡이가 달린 큰 물병에 모든 재료를 넣고 섞습니다. 
14366,21.50,Cocktail glass,1,Lemon Drop,설탕으로 테두리를 두른 차가운 칵테일 잔에 흔들어 섞어 재료들을 부어줍니다.
14372,37.00,Collins Glass,0,Absolut limousine, Absolut를 유리 잔에 부어 채우십시오. 라임 즙을 추가하십시오. 이후 얼음과 라임 조각을 추가하여 마무리합니다.
14374,35.00,Collins Glass,0,Absolut Evergreen,재료들을 섞고 얼음을 넣어줍니다. 이후 Bitter Lemon를 넣어 채워줍니다.
14378,10.00,Pint glass,0,Lunch Box,파인트 유리 잔을 맥주로 채우십시오. 그런 다음 나머지를 오렌지 주스로 채우십시오 (완전 가득 채우지 않도록 주의하십시오). 그런 다음 Amaretto의 샷을  넣어주어 마무리 합니다.
14446,30.00,Shot glass,0,Kool-Aid Slammer,먼저 샷 잔의 절반을 쿨 에이드로 먼저 채웁니다. 그런 다음 종이 타월을 잔 위에 놓고 보드카를 천천히 부어 넣습니다. 이렇게 하면 두 액체가 서로 분리되고 그 위에 보드카가 남게 됩니다. 이후 책상에 한번 내리쳐 섞어주어 마무리합니다.
14456,25.00,Champagne flute,0,Kurant Tea,"Absolut kurant를 큰 티 컵에 붓습니다. 사과 차를 추가하고, 선호에 따라 설탕을 추가하여 마무리합니다."
14466,22.00,Shot glass,0,Dirty Nipple,각 재료들을 층을 쌓아 샷을 만듭니다. 이때 베일리가 맨 위에 있어야합니다.
14482,16.00,Cocktail glass,0,Darkwood Sling,여러 체리 리큐어 중 하나를 골라 리큐어를 추가하십시오. 그런 다음 소다를 추가합니다. 새콤한 슬링에는 토닉 워터를 사용합니다. (대부분의 사람들은 Tonic이 없는 음료를 선호합니다). 그 후에 오렌지 주스와 얼음으로 잔을 채웁니다. 
14510,12.60,Collins glass,0,Bailey's Dream Shake,모든 재료를 함께 30 초 동안 믹서기로 갈아 섞어줍니다.
14538,25.70,Shot glass,0,Bumble Bee,해당 음료는 레이어 샷입니다. 먼저 베일리를 샷 유리 잔에 붓습니다. 그런 다음 거꾸로 숟가락을 들고 유리 안쪽 벽에 갖다 대세요. Kahlua를 조심스럽게 부어줍니다. Sambuca도 동일하게 그 위에 넣어줍니다. 이렇게 하면 알코올이 분리되어 재료들이 층을 쌓게 됩니다.
14560,29.00,Irish coffee cup,0,A.D.M. (After Dinner Mint),모든 재료들을 순서대로 넣고 잘 흔들어서 섞어 만듭니다.
14564,10.00,Highball glass,0,A Splash of Nash,바나나와 멜론 리큐어가 든 샷 글라스를 탄산수와 크랜베리 주스가 들어 있는 9온스짜리 하이볼 글라스에 안에 떨어뜨려 만듭니다. 이후 원샷하여 마십니다.
14578,14.00,Collins Glass,0,Amaretto Sunrise,amaretto 와 오렌지 주스를 함께 섞습니다. 유리 잔에 붓고 일출과 같은 모양이 나타날 때까지 그레나딘을 첨가하십시오.
14584,20.00,Hurricane glass,0,Arizona Stingers,허리케인 유리 잔에 얼음 조각을 넣으십시오. Absolute 보드카 힙 샷을 2개 추가하십시오 (참고 : 원하는만큼 샷을 추가 할 수 있습니다) Arizona Icetea를 넣어 나머지 유리 잔을 채웁니다. 음료를 섞어주고 레몬을 넣어 마무리합니다. 
14586,19.00,Hurricane glass,0,Orange Push-up,믹서기에 주류를 섞으세요. 얼음을 절반 정도 넣고 섞어 줍니다. 오렌지 깃발과 체리 깃발(이쑤시개에 과일이 꼽힌 장식)로 마무리 장식하십시오.
14588,21.00,Beer mug,0,151 Florida Bushwacker,모든 재료를 함께 섞으세요. 선호에 따라 초콜릿 부스러기로 장식하십시오.
14594,12.50,Margarita/Coupette glass,0,Zizi Coin-coin,"얼음 위에 5cl의 Cointreau를 붓고, 2cl의 신선한 레몬(또는 라임) 즙을 넣고, 부드럽게 젓고, 마지막으로 유리에 레몬/라임 조각을 넣습니다."
14598,18.00,Collins Glass,0,50/50,으깬 얼음으로 유리 잔을채우십시오. 보드카를 추가하십시오. grand-marnier를 약간 추가하십시오. 마지막으로 O.J.로 채우십시오.
14602,38.00,Shot glass,0,Tequila Surprise,샷 유리 잔을 데킬라로 채웁니다. 토바스코 소스 방울을 추가하여 마무리합니다.
14608,17.00,Highball glass,0,Cream Soda,Spiced Rum(어떤 식으로든 맛을 낸 럼주 베이스) 1oz를 얼음과 함께 하이볼 유리 잔에 붓습니다. 진저 에일로 채우십시오.
14610,20.00,Shot glass,0,ACID,먼저 151를 넣고 이후에 콜라나 Dr Pepper chaser와 함께 101를 넣으세요.
14622,21.00,Beer pilsner,0,Arctic Fish,"얼음으로 유리 잔을채우고 보드카, 포도 소다, 오렌지 주스를 넣으십시오. 저어주지 말고 마무리하세요."
14642,6.00,Old-fashioned glass,0,Grim Reaper,Kahlua와 151을 유리 잔에 섞습니다. 얼음 넣고 그 위에 grenadine을 부어줍니다.
14688,23.00,Shot glass,0,Freddy Kruger,샷에 재료를 넣어서 만듭니다.
14730,20.00,Shot glass,0,Bubble Gum,샷 유리 잔에 순서대로 재료들을 넣어 층을 쌓아 만듭니다.
14752,12.00,Highball glass,0,Kiwi Lemon,하이볼 유리 잔에 재료들을 넣어 섞습니다. 마무리로 키위 조각으로 장식합니다.
14782,14.00,Irish coffee cup,0,Hot Creamy Bush,모든 재료를 유리 잔에 넣고 잘 섞으세요.
14842,24.00,Cocktail glass,0,Midnight Mint,"칵테일 (마티니) 유리 잔의 테두리에  설탕 시럽을 곁들이고, 해당 유리 잔을 초콜릿 플레이크나 파우더에 넣어 묻힙니다. 셰이커에 얼음과 재료를 넣고 잘 흔들어 섞습니다. 칵테일 유리 잔에 부어 마무리합니다."
14860,29.00,Brandy snifter,0,Talos Coffee,GM을 추가한 다음 커피를 추가하여 마무리 합니다.
14888,8.00,Highball glass,0,Zinger,샷 유리 잔만큼 Schnapps를 3번 붓습니다. 서지 콜라도 똑같이 하십시오.
14956,12.00,Shot glass,0,Jello shots,물 3 컵을 끓인 다음 젤리를 넣습니다. 젤리가 완전히 녹을 때까지 젤리와 물을 섞으세요. 두 컵의 보드카를 넣고 함께 섞으세요. 혼합물을 플라스틱 샷 잔에 붓고 딱딱해질 때까지 식혀 마무리하세요.
14978,15.00,Punch bowl,0,Rum Punch,펀치 그릇에 모든 재료를 섞어 만들어 마무리 하세요.
15006,20.00,Shot glass,0,Turkeyball,얼음과 함께 흔들어 섞고 샷 유리 잔에 붓습니다.
15024,9.00,Cocktail glass,0,Absolutely Cranberry Smash,재료들을 함께 저어주세요. 유리 잔의 얼음 위에 넣어 마무리하십시오.
15026,11.00,Highball glass,0,Kiss me Quick,유리 잔에 재료들을 넣고 섞어 마무리합니다.
15082,23.00,Old-fashioned glass,0,Royal Flush,모든 재료를 얼음 위에 텀블러에 부어 섞고 유리 잔에 붓습니다.
15086,13.00,Beer Glass,0,Limona Corona,Corona 맥주 병을 엽니다. 럼으로 병의 빈 공간을 채우십시오. 병의 상단이 채워져야합니다. 병을 엄지손가락이나 손바닥으로 막습니다. 럼주와 맥주가 섞이도록 병을 뒤집으세요. 병을 오른쪽으로 뒤집어 마십니다.
15092,0.00,Collins Glass,0,Pysch Vitamin Light,얼음과 함께 재료를 흔들어 만듭니다.
15106,0.00,Collins Glass,0,Apello,재료들을 함께 섞어주고 마라스치노 체리로 마무리 장식을 합니다.
15178,28.00,Highball glass,0,Texas Rattlesnake,모든 재료를 넣고 잘 흔들어 섞어 줍니다. 
15182,20.00,Highball glass,0,After sex,아이스 큐브와 주스로 채워진 긴  유리 잔에  보드카와 크림을 채워 넣습니다. 그레나딘과 설탕을 위에 넣어 마무리 장식을 합니다.
15184,16.00,Highball glass,0,San Francisco,"긴  유리 잔에 몇 개의 아이스 큐브를 넣고 보드카, 주스, 크림으로 채워 줍니다. 이후 그레나딘을 조심스럽게 유리 잔의 옆면으로 부어 채워 넣습니다. 마무리로 오렌지와 딸기로 장식합니다."
15194,14.00,Collins Glass,0,Amaretto Shake,믹서기의 모든 재료들이 매끄럽게 될 때까지  함께 섞어줍니다. 유리 잔에 음료를 붓고 마무리로 달콤한 초콜릿 부스러기을 올려 장식해줍니다. 
15200,17.00,Highball glass,0,A Day at the Beach,"얼음으로 가득 찬 셰이커에 럼, 아마 레토, 오렌지 주스를 넣어 섞습니다. 긴 하이볼 유리 잔에 붓습니다. 그레나딘을 넣고 파인애플 웨지와 딸기로 장식하십시오."
15224,18.00,Highball glass,0,Malibu Twister,"럼, 트리스터를 먼저 넣어주고 크랜베리 ​​주스를 추가하여 저어줍니다."
15226,12.00,Highball glass,0,Space Odyssey,유리 잔을 얼음으로 채우고 Bacardi 샷과 Malibu 샷을 추가하십시오. 파인애플 주스와 오렌지 주스를 위에 부어줍니다. 색감을 위해 그레나딘을 넣고 체리로 장식하십시오.
15254,17.50,Collins Glass,0,Zenmeister,재료들을 함께 섞고 만들어 마무리합니다.
15266,6.00,Highball glass,0,Avalon,"긴 유리 잔을 얼음으로 채우십시오. Finlandia Vodka, 레몬 즙, 사과 주스, Pisang Ambon을 층을 쌓아 넣고 레모네이드를 위에 붓습니다. 살짝 저은 후 나선형의 오이 껍질과 빨간 체리로 장식합니다"
15288,63.00,Shot glass,0,252,두 재료를 샷 유리 잔에 넣어 만듭니다.
15300,33.00,Collins Glass,0,3-Mile Long Island Iced Tea,14oz 유리 잔을얼음과 알코올로 채웁니다. 2/3 유리 잔을 콜라로 채우고 Sweet & Sour로 나머지를 채 웁니다. 약간의 bitters 몇방울과 레몬 조각으로 장식을 합니다.
15328,26.60,Coffee Mug,0,Zorro,모든 재료를 넣고 블랙 커피를 붓고 휘핑 크림을 상단에 추가하십시오.
15330,26.60,Shot glass,0,Orange Crush,텀블러에 모든 재료를  샷으로 추가하십시오
15346,32.00,White wine glass,0,155 Belmont,얼음과 함께 섞어줍니다. 와인 잔에 섞어준 음료를 담고 당근으로 장식하십시오.
15395,20.00,Old-fashioned glass,0,1-900-FUK-MEUP,아이스 큐브로 채워진 믹싱 틴에 모든 재료를 넣습니다. Rock 유리 잔에 붓습니다.
15403,12.00,Collins Glass,0,Vodka Russian,재료들을 넣어 섞으십시오.
15409,23.75,Coffee Mug,0,Danbooka,재료들을 넣어 섞으십시오.
15423,15.50,Beer Glass,0,110 in the shade,유리 잔에 shooter를 떨어뜨립니다. 맥주로 채우십시오
15427,12.20,Old-fashioned glass,0,Grand Blue,old-fashioned 유리 잔에 음료를 부어 마무리합니다.
15511,4.00,Collins Glass,0,Baby Eskimo,아이스크림을 약 10 분 동안 꺼내십시오. 재료를 순서대로 넣고 젓가락으로 저어줍니다. 
15515,15.00,Coffee Mug,0,Tennesee Mud,"커피, Jack Daniels, Amaretto를 섞어주십시오. 위에 크림을 올려 마무리 합니다."
15521,6.60,Coffee Mug,0,Swedish Coffee,커피를 일반 커피 컵에 붓습니다. Aquavit을 추가하십시오. 기호에 따라 설탕을 추가하십시오. 섞어서 마무리 합니다.
15567,20.00,Collins Glass,0,Adam Sunrise,블렌더를 얼음으로 채우십시오. Bartons  보드카로 반을 채웁니다. 설탕 10 tsp를 넣고 1/2 만큼 캔 레모네이드 농축 물을 넣고 물로 채워 줍니다. 60 초 동안 블렌더로 섞어줍니다.
15597,16.40,Collins Glass,0,Absolut Stress #2,재료들을 잘 섞어줍니다. 오렌지와 체리로 장식합니다.
15615,9.00,Parfait glass,0,Chocolate Monkey,"아이스크림, 우유, 시럽, 리큐어를 섞어주십시오. 파르페 유리 잔에 붓고 휘핑 크림을 얹고 바나나와 체리로 장식하십시오."
15639,22.75,Wine Glass,0,Texas Sling,매끄럽게 될 때까지 얼음과 섞어줍니다. 튤립 유리 잔에 whip cream은 얹어 마무리합니다.
15675,24.75,Collins Glass,0,A midsummernight dream,"딸기를 믹서기에 넣고 섞으세요. 보드카, 커치, 딸기 리큐어, 얼음을 쉐이커에 부으세요. 잘 흔들고 하이볼 글라스에 부으세요. Russchian 물로 채우십시오"
15691,4.17,Beer pilsner,0,Zoksel,특정한 믹싱 방법이 없으며 유리 잔 한개에 모든 재료를 넣어 섞습니다. 레몬도 추가해줍니다.
15743,10.50,Coffee mug,0,Fuzzy Asshole,커피 머그잔에 커피를 반 채웁니다. 다른 반은 복숭아 Schnapps로 채웁니다. 잘 섞어서 마무리합니다.
15761,3.50,Highball glass,0,Quick-sand,삼부카와 오렌지 주스를 섞기 위해 빠르게 오렌지 주스를 부어주며 섞어줍니다.
15789,4.75,Pint glass,0,Snakebite and Black,blackcurrant squash를 먼저 약 1cm정도 유리 잔에 넣으십시오. 그런 다음 라거와 사이다를 추가하십시오.
15801,5.90,Collins glass,0,Zimadori Zinger,얼음이 담긴 콜린스 유리 잔에 Zima를  붓고 Midori 샷을 붓습니다. 저어주지 마세요. 체리로 장식하십시오.
15813,15.00,Mason jar,0,Herbal flame,"일반 유리 잔에 Hot Damn 100을 붓습니다. 이후 달콤한 차를 부어 채웁니다. 숟가락, 빨대 또는 시나몬 스틱으로 저어 마무리합니다."
15825,8.00,Champagne flute,0,Jamaican Coffee,"럼, 커피, 물을 함께 저어줍니다. 위에 휘핑 크림을 얹습니다. 잘 갈린 커피 가루를 위에 뿌려 마무리합니다."
15841,17.90,Collins glass,0,Mojito Extra,"레몬 즙과 민트를 유리 잔에 넣고, 민트는 숟가락으로 으깨줍니다. 이후 얼음, 럼, 클럽 소다로 채웁니다. 섞어준 뒤 Angostura를 위에 올려 마무리합니다."
15849,10.00,Punch bowl,0,Apricot punch,모든 재료들을 큰 펀치 그릇에 붓습니다. 껍질을 벗겨 나눈 오렌지 4개와 얼음을 넣으십시오.
15853,25.70,Shot glass,0,B-52,샷 유리 잔에 재료들을 층을 쌓아 넣어 만듭니다. 섞을 수 있는 빨대나 스틱과 같이 제공합니다.
15933,5.00,Collins Glass,0,Zambeer,sambuca와 rootbeer를 섞고 저어줍니다. 얼음을 추가하여 섞고 마무리하세요.
15941,19.50,Collins glass,0,Americano, Campari와 vermouth를 얼음이 담긴 유리 잔에 붓고 탄산수를 조금 넣고 반으로 자른 오렌지 조각으로 장식합니다.
15951,26.70,Collins Glass,0,Black Forest Shake,"믹서기에 아이스 큐브, 초콜릿 시럽, 체리 브랜디, 보드카, 우유를 넣습니다. 믹서기로 섞어준 뒤 유리 잔에 담아 마무리합니다."
15997,6.34,Collins Glass,0,GG,Galliano 리큐어를 얼음 위에 붓습니다. 유리 잔의 나머지 부분을 진저 에일로 채워 마무리하세요.
16031,2.50,Highball glass,0,Radler,큰 머그잔에 맥주를 붓고 천천히 7-up (또는 스프라이트)을 추가하십시오.
16041,10.50,Punch bowl,0,Mudslinger,큰 펀치 보울에 모든 재료들을 넣고 잘 섞어 만드세요. 
16047,5.80,Beer mug,0,Campari Beer,15oz 유리 잔을 준비하세요. 유리 잔에 Campari를 먼저 넣고 이후에 나머지를 맥주로 채우십시오.
16082,3.16,Coffee mug,0,Almond Chocolate Coffee,커피 컵에 재료들을 순서대로 붓습니다. 휘핑 크림과 초콜릿 가루 또는 부스러기를 이용하여 장식합니다.
16100,21.30,Highball glass,0,Amaretto Stone Sour Alternative,"sour mix, 데킬라, amaretto를 얼음과 함께 쉐이커로 흔들어 섞어주십시오. 이후 하이볼 유리 잔에 붓습니다. OJ 몇방울을 추가하십시오. 마지막으로 오렌지 조각과 체리로 장식합니다."
16108,17.00,Cocktail glass,0,9 1/2 Weeks,믹서에 모든 재료를 함께 섞으세요. 섞고 나서 칵테일 유리 잔에 붓습니다. 얇게 썬 딸기로 장식하십시오.
16134,2.60,Collins glass,0,Absolutly Screwed Up,재료들을 다 넣고 흔들어 섞는 방법이나 저어서 섞는 방법 둘 중 하나를 골라 섞어주어 마무리 합니다.
16158,9.70,Margarita/Coupette glass,0,Whitecap Margarita,모든 재료를 믹서기에 넣고 부드럽게 될 때까지 섞어 주십시오. 
16176,25.25,Cocktail glass,0,Bellini Martini,셰이커에 아이스 큐브를 추가하십시오. 보드카를 추가하십시오. Peach Schnapps를 추가하십시오. 복숭아 꿀을 추가하십시오. 해당 재료들을 흔들어 섞고 유리 잔에 붓습니다. 마무리 장식으로 레몬 트위스트 껍질을 추가하십시오.
16178,39.00,Cocktail Glass,0,Jitterbug,유리 잔의 테두리에 설탕을 묻힙니다. 그런 다음 얼음을 추가하십시오. 그런 다음 나머지 재료들을 넣어 마무리합니다.
16196,39.80,Shot glass,0,Moranguito,"먼저 Rhe Absinthe를 넣은 다음 Tequila를 넣고, 마지막으로 Granadine 시럽을 넣습니다."
16202,9.00,Margarita/Coupette glass,0,Amaretto Sweet & Sour,"블렌더의 3/4를 얼음으로 채웁니다. 얼음 위에 달콤하고 신맛이 나는 믹스를 추가하십시오. 파인애플 주스의 약 1 /2, 멜론 Liqeur 1/2, Amaretto의 1/2 ~ 1/4 를 추가하고 섞어주세요."
16250,6.70,Cocktail glass,0,Rum Runner,모든 재료를 얼음이 담긴 유리 잔에 넣어 섞어줍니다.
16262,6.56,Beer mug,0,H.D.,위스키와 베일리 크림을 맥주잔(50 CL 이상)에 섞습니다. 나머지 유리 잔을 커피로 채우십시오.
16271,23.30,Old-fashioned glass,0,The Evil Blue Thing,재료들을 샷 잔에 붓고 해당 샷 잔을  blue whale에 떨어뜨려 섞습니다. (blue whale은 선택 사항으로 굳이 떨어뜨리지 않고 기존 재료들만 사용해 만들어도 됩니다.)
16273,14.00,Pitcher,0,Shark Attack, 물 4와 레모네이드 캔의 1/3 정도를 병에 넣어 섞습니다. Absolute 보드카를 1/2만큼 넣고 섞어주세요. 마무리로 으깬 얼음이 있는 잔에 부으세요. 
16275,6.60,Old-fashioned glass,0,Jack's Vanilla Coke,재료를 먼저 넣고 기호에 따라 3 ~ 5 개의 아이스 큐브를 넣어주고. 바닐라가 잘 섞이도록 주의해서 섞어 만듭니다.
16289,14.80,Punch Bowl,0,Apple Grande,텀블러로 두 재료를 섞어서 만듭니다.
16295,0.10,Collins glass,0,Bleeding Surgeon,오렌지 조각 위에 럼주 샷을 붓습니다. 유리 잔의 남은 공간은 서지나 비슷한 음료로 채웁니다. 크랜베리 주스로 마지막까지 채워 마무리하십시오. 서지로 인해 거품이 부풀어오르지 않도록 주의해주세요.
16311,14.40,Cocktail glass,0,Applejack,모든 재료를 믹싱 그릇에 넣고 섞어주세요. 이후 칵테일 유리 잔에 넣어 마무리합니다.
16333,28.00,Margarita/Coupette glass,0,Adam Bomb,"믹서기에 얼음을 넣은 다음 과일을 넣고 개인 선호에 따른 과일 주스를 넣은 후 럼, 보드카, 데킬라, 트리플 SEC를 추가하십시오. 유리 잔의 테두리를 설탕이나 소금으로 덮어주고 섞은 음료들을 붓습니다. 마무리로 레몬 또는 라임 슬라이스로 장식합니다."
16354,20.00,Shot glass,0,Arizona Antifreeze,모든 재료를 샷 잔에 넣어주고 샷 잔을 책상에 내리쳐 섞어줍니다.
16403,2.10,Beer pilsner,0,Black and Brown,거품이 부풀어 오르지 않도록 조심해서 root bear로  맥주 유리 잔에 반을 붓고 나머지 반을 기네스 맥주로 채우십시오.
16405,6.90,Highball glass,0,A Piece of Ass,유리 잔에 얼음을 넣으십시오. 샷을 부어주세요. 나머지를 sour 믹스로 채우십시오.
16419,6.00,Highball glass,0,Avalanche,하이볼 유리 잔에 얼음과 재료를 넣고 잘 섞어줍니다.
16447,7.70,Beer mug,0,Brandon and Will's Coke Float,"바닐라 아이스크림을 큰 스푼으로 차가운 맥주잔에 두 번 떠 넣으세요. 다음으로, 2 온스의 Maker's Mark를 넣고 콜라를 부으세요. 잘 저어 섞어 마무리합니다."
16485,23.75,Cocktail glass,0,Flaming Lamborghini,Sambuca와 Kahlua를 칵테일 유리 잔에 붓고 빨대를 넣습니다. 이후 칵테일 유리 잔의 양쪽에  두 개의 샷 잔에 Baileys와 Blue Curacao를 따로 부으세요. 칵테일 잔에 담긴 음료에 불을 붙이고 빠르게 빨대로 마셔야합니다. 음료를 거의 다 마셔 잔의 바닥이 들어날때쯤에  Baileys와 Blue Curacao샷을 칵테일 잔에 부어 불을 끄고 다시 음료를 마십니다.
16942,3.40,Whiskey sour glass,0,Zipperhead,"유리 잔을 얼음으로 채우고 주류를 넣기 전에 먼저 빨대를 넣으십시오. 그런 다음 재료를 순서대로 넣어 가능한 한 많은 층을 유지하도록 하세요. (chambord, 보드카, 소다 순으로)."
16943,7.50,Collins glass,0,A Gilligan's Island,"재료들을 숟가락으로 섞지 말고, 흔들어 섞어서 마무리 합니다."
16951,6.60,Coffee mug,0,Kioki Coffee,재료들을 유리 잔에 넣고 섞어줍니다. 마무리로 위에 휘핑 크림을 얹어 장식합니다.
16958,5.00,Collins Glass,0,Apple Pie with A Crust,두 재료를 같이 넣어 섞어주고 그 위에 시나몬을 뿌려주세요. 해당 음료는 차갑거나 따뜻한 방법으로 둘 다 제공 할 수 있습니다.
16963,40.00,Cocktail glass,0,Zorbatini,마티니처럼 유리 잔에 얼음을 넣고 진과 드라이 베르무트 넣어 제조를 합니다. 장식으로는 그린 올리브를 올려서 마무리 합니다.
16967,13.30,White wine glass,0,Vodka Fizz,"모든 재료를 넣어 섞어주고, 견과류와 같은 육두구를 준비해주세요. 이후 큰 화이트 와인 잔에 섞은 음료를 붓고 그 위에 장식으로 육두구를 뿌립니다."
16984,32.30,Collins Glass,0,Radioactive Long Island Iced Tea,모든 재료를 긴 유리 잔에 얼음 위에 붓습니다.
16985,43.50,Shot glass,0,Shot-gun,Jack Daniels와 Jim Beam을 샷 유리 잔에 붓고 그 위에 whild turkey를 올려 장식하여 마무리합니다.
16986,20.00,Highball glass,0,Bible Belt,모든 재료를 섞어 얼음이 담긴 유리 잔 위에 붓습니다.
16987,17.00,Highball glass,0,Irish Curdling Cow,"아일랜드 크림, 보드카, 버번을 유리 잔에 붓습니다. 얼음을 넣고 오렌지 주스를 넣어 같이 섞습니다."
16990,10.00,Highball Glass,0,Sweet Tooth,Godiva 리큐어 2샷을 유리 잔에 넣고 원하는 양만큼의 우유를 넣어 만듭니다.
16991,16.00,Hurricane glass,0,Downshift,"스프라이트를 먼저 넣고 데킬라를 넣으세요. 그 후, 미닛 메이드 과일 펀치를 넣고 151을 붓습니다. 기호에 따라 얼음을 추가하세요."
16992,15.70,Punch bowl,0,Pink Penocha,그릇에 재료들을 넣어 섞고 얼음을 계속 넣어주면서 저어주세요.
16995,13.00,Collins Glass,1,Orange Whip,재료를 얼음이 담긴 유리 잔에 붓고 저어줍니다.
16998,19.12,Shot glass,0,Bruised Heart,모든 재료들을 얼음이 담긴 믹싱 볼에 붓고 저어주고 샷 유리 잔에 따라 붓습니다.
17002,14.00,Collins glass,0,Gideon's Green Dinosaur,콜린스 유리 잔을 얼음으로 채우고 이후에 모든 재료를 함께 넣고 저어줍니다.
17005,23.00,Old-fashioned glass,0,A True Amaretto Sour,"old-fashioned 유리 잔의 테두리에 레몬으로 문지르고, 테두리에 과립 설탕을 바르는 과정을 서리가 생길때까지 반복합니다. 레몬 반개의 즙과 Amaretto를 같이 흔들어 섞어주세요. 테두리에 설탕이 발린 유리 잔에 음료를 붓고 얼음을 넣으십시오. 마지막으로 마라치노 체리로 장식하십시오."
17006,72.50,Shot glass,0,Kool First Aid,더블 샷 잔에 Kool Aid를 넣고 그 위에 럼주를 넣습니다. 샷 잔을 책상에 살짝 내리쳐 섞는 방법으로 만들어 마십니다.
17015,21.60,Highball glass,0,Irish Russian,레시피에 나열된 순서대로 재료를 추가하십시오. 거품이 과도하게 부풀어 오르는 것을 막기 위해 기네스를 넣을 때 주의를 기울여야합니다. 얼음을 추가하지 마십시오.
17020,39.25,Shot glass,0,Auburn Headbanger, spread 유리 잔에 얼음과 재료를 넣어 섞습니다. 샷 유리 잔에 따라 붓습니다. 
17027,7.30,Hurricane glass,0,Zima Blaster,유리 잔을 얼음으로 채우십시오. chambord를 붓고 Zima로 채웁니다. 섞고 즐기십시오.
17035,5.00,Beer pilsner,0,Buccaneer,"18oz 맥주 유리 잔에 Corona 맥주를 먼저 붓고, 그 후에 bacardi limon을 맥주에 붓고 부드럽게 저어줍니다."
17044,29.60,Collins Glass,0,Homemade Kahlua,끓는 물 2 컵에 설탕을 녹이고 옥수수 시럽을 넣으십시오. 나머지 물에는 인스턴트 커피를 녹입니다. 갤런짜리 주전자에 만든 시럽과 커피를 붓습니다. 식혀주세요. 다 식고 나면 보드카와 바닐라를 추가하십시오. 해당  음료를 4-5 주 동안 숙성시켜 더 맛있게 만들수 있습니다.
17060,51.00,Shot glass,0,24k nightmare,재료들을 얼음이 담긴 쉐이커 안에 넣어 흔들어 섞고 유리 잔에 부어 넣습니다.
17065,8.00,Beer pilsner,0,Caribbean Boilermaker,Corona 맥주를 18oz 맥주 잔에 붓고 이후에 럼을 맥주에 부어 만듭니다.
17066,23.00,Cocktail glass,0,Army special,"보드카, 진, 라임 코디얼을 유리 잔에 붓고 으깬 얼음을 위에 올리세요. 팁: 얼음이 살짝 녹을 때까지 기다렸다가 빨대 없이 마시세요."
17074,28.50,Hurricane glass,0,Arizona Twister,"럼, 보드카, 데킬라 샷을 서로 섞어 줍니다. 파인애플에 3개를 섞은 샷의 몇 방울을 추가하십시오. Grenadine과 으깬 얼음을 유리 잔에 넣습니다. 마지막으로 파인애플 웨지로 유리 잔을 얹어 장식합니다."
17079,20.00,Shot glass,0,Baby Guinness,샷 잔이 가득 찰 때까지 Kahlua를 붓습니다. 그런 다음 샷 잔의 옆면에 조심스럽게 Baileys을 따라 부어 만듭니다.
17094,33.00,Collins Glass,0,Alice in Wonderland,세 가지 재료를 일대일 단위로 섞어 만듭니다.
17105,15.20,Collins Glass,0,501 Blue,"5개의 재료들을 동일한 비율로 섞고, 얼음이 담긴 하이볼 잔에 붓습니다."
17108,0.00,Cocktail glass,0,Coke and Drops,유리 잔을가져 가서 콜라를 유리 잔에 붓고 7 방울의 레몬 주스를 가져갑니다. 유리 테두리에 레몬 슬라이스가있는 화강암.
17114,11.50,Highball glass,0,Ruby Tuesday,진과 크랜베리를 아이스 큐브로 가득 찬 하이볼에 붓습니다. 마지막으로 그레나딘을 넣고 저어줍니다.
17118,7.50,Cocktail glass,0,Arctic Mouthwash,믹서기에 모든 재료와 얼음을 함께 넣고 섞으십시오. 얼음이 잘게 부숴져서 슬러시 처럼 만들어져야 합니다. 이후에 즉시 유리 잔에 따라 부어 마무리하세요.
17120,18.80,Punch bowl,0,Brain Fart,펀치 그릇에 모든 재료와 얼음을 넣고 천천히 부드럽게 저어서 섞어주세요. 소다가 차갑고 얼음이 많을수록 더 맛있습니다.
17122,30.00,Shot glass,0,Royal Bitch,샷 잔에 재료들을 순서대로 넣어 층을 만듭니다. 먼저 Frangelico을 넣고 그 위에 Crown Royal을 부어 쌓습니다.
17135,11.70,Highball Glass,0,Citrus Coke,콜라 절반을 유리 잔에 붓습니다. 그런 다음 Bacardi를 넣고 다시 나머지 콜라를 부어 그 위에 얹어 섞어줍니다. 
17141,12.00,Beer mug,0,Smut,모든 재료들을 Pint 유리 잔에 넣고 얼음을 넣어 차가운 온도를 유지하도록 하여 만듭니다.
17167,13.00,Highball glass,0,Raspberry Cooler,라즈베리 보드카와 소다를 아이스 큐브로 가득 찬 하이 볼 유리 잔에 붓고 잘 저어줍니다.
17168,4.60,Collins Glass,0,Amaretto Sunset,바텐더 믹서에 재료들을 넣고 빠글게 5번 정도 흔들어 섞어 줍니다. 이후에 콜린스 유리 잔에 얼음을 넣고 섞은 음료를 넣어 오렌지 조각으로 장식하여 마무리 합니다.
17174,20.00,Pint glass,0,Cherry Electric Lemonade,각종 재료들을 정해진 양만큼 넣어 빠르게 저어주고 얼음이 담긴 큰 컵에 붓습니다. 섞어가면서 마십니다.
17175,14.80,Wine Glass,0,Girl From Ipanema,"보스턴 유리 잔에 cachaca, 레몬 즙, 시럽을 넣으십시오. 얼음을 넣고 음료가 차가워 질때까지 섞어줍니다. 이후 차가운 와인 글라스에 붓고 위에 샴페인을 부어 마무리 해줍니다."
17176,0.00,Wine Glass,0,Ipamena,라임을 반으로 조각내어 자르고 셰이커 안에 설탕과 함께 넣고 으깨줍니다. 셰이커에 패션 과일 주스를 넣고 아이스 큐브로 채우십시오. 셰이커를 닫고 흔들어 섞어주세요. 섞은 음료를 유리 잔에 붓고 진저 에일을 얹고 작은 티스푼으로 저어줍니다. 마지막으로 라임 한 조각으로 유리 잔의 테두리를 장식하십시오.
17177,37.90,Highball glass,0,Dark Caipirinha,old-fashioned 유리 잔에 설탕을 넣고 라임 웨지와 버무려 섞어 줍니다. 유리 잔에 얼음을 채워주세요. 그리고 cachaca를 부으세요. 잘 저어서 마무리하세요.
17178,14.40,Shot glass,0,Jam Donut,설탕 시럽을 사용하여 샷 잔의 가장자리에 설탕을 붙이세요. 샷 잔에 Chambord Raspberry Liqueur를 넣고 Baileys Irish Cream을 조심스럽게 위에 쌓아 마무리합니다.
17180,29.60,Cocktail glass,0,Aviation,얼음으로 채워진 칵테일 셰이커에 모든 재료를 넣으십시오. 잘 흔들어 섞고 칵테일 유리 잔에 붓습니다. 체리로 장식하십시오.
17181,25.00,Cocktail glass,0,Dirty Martini,"보드카, 마른 버몬트, 올리브 소금물을 칵테일 셰이커에 붓고 얼음을 많이 넣고 잘 흔들어줍니다. 레몬 조각으로 마티니 유리의 가장자리를 문지릅니다. 쉐이커로 섞은 음료를 칵테일 유리 잔에 넣고 올리브를 첨가하십시오. Dirty Martini는 올리브 소금물이나 올리브 주스가 담긴 스플래시가 들어 있으며 일반적으로 올리브로 장식되어 있습니다."
17182,20.90,Old-fashioned glass,0,Duchamp's Punch,모든 재료를 함께 흔들어 섞어줍니다. 큰 Ice Cube가 담긴 old-fashioned 유리 잔에 따라줍니다. 라벤더 잎이 달린 줄기 몇 개로 장식하십시오.
17183,24.00,Cocktail glass,1,Bacardi Cocktail,얼음과 재료들을 같이 쉐이커로 섞어줍니다. 유리 잔에 붓고 마무리 하세요.
17184,32.50,Cocktail glass,0,Between The Sheets,"아이스 큐브와 모든 재료를 셰이커에 붓고, 흔들어 섞고, 차가운 칵테일 유리 잔에 붓습니다."
17185,39.00,Cocktail glass,0,Casino,아이스 큐브와 모든 재료를 쉐이커에 붓습니다. 잘 흔들어 섞고 차가운 칵테일 유리 잔에 붓습니다. 레몬 트위스트와 마라 시노 체리로 장식하십시오. 빨대없이 마무리하세요.
17186,32.70,Cocktail glass,0,Clover Club,"쉐이크 재료를 말려서 유화시키고, 얼음을 넣고, 흔들어서 마무리합니다."
17187,40.00,Cocktail glass,0,Derby,모든 재료와 얼음을 믹싱 잔에 붓습니다. 저어서 섞고 칵테일 유리 잔에 붓습니다. 음료에 신선한 민트를 넣어 장식하십시오.
17188,23.40,Cocktail glass,0,Mary Pickford,차가운 큰 칵테일 유리 잔에 흔들어 섞고 붓습니다
17189,30.50,Cocktail glass,1,Monkey Gland,아이스 큐브가 가득찬 셰이커에 재료들을 넣어 섞고  차가운 칵테일 유리 잔에 붓습니다.
17190,30.00,Cocktail glass,0,Paradise,재료들을 얼음들과 같이 흔들어 섞습니다. 칵테일 유리 잔에 붓고 차갑게 유지하여 마무리합니다. 
17191,13.80,Collins glass,0,Planter's Punch,bitters를 제외한 모든 재료를 얼음이 채워진 셰이커에 붓습니다. 잘 흔들어 섞고 얼음으로 채워진 큰 유리 잔에 붓습니다. Angostura Bitters를 위에 부어줍니다. 칵테일 체리와 파인애플로 장식하십시오.
17192,23.50,Cocktail glass,0,Porto flip,믹서에 얼음과 재료를 함께 넣고 갈아줍니다. 유리 잔에 붓고 장식하고 마무리하세요.
17193,42.00,Cocktail glass,0,Stinger,얼음과 재료를 믹싱 유리에 붓고 저어 칵테일 잔에 넣습니다. 
17194,31.10,Cocktail glass,0,White Lady,얼음으로 채워진 칵테일 셰이커에 모든 재료를 넣으십시오. 잘 흔들어 큰 칵테일 잔에 따라 드십시오.
17195,13.40,Champagne Flute,0,Bellini,복숭아 퓨레를 차가운 플루트에 붓고 스파클링 와인을 추가한 후 부드럽게 저어주세요.
17196,30.00,Cocktail glass,0,Cosmopolitan,얼음으로 채워진 칵테일 셰이커에 모든 재료를 넣으십시오. 잘 흔들고 큰 칵테일 잔에 따라 Lime wheel로 장식합니다.
17197,14.90,Collins glass,0,French 75,"진, 설탕 및 레몬 주스를 얼음으로 채워진 칵테일 셰이커에 섞습니다. 강하게 흔들어 차가운 샴페인 잔에 따르고 부드럽게 저어주세요."
17198,36.00,Old-fashioned glass,0,French Connection,모든 재료를 아이스 큐브로 채워진 old-fashioned glass에 직접 붓습니다. 부드럽게 저어주세요.
17199,23.50,Cocktail glass,0,Golden dream,부숴진 얼음과 함께 섞고 잔에 따릅니다.
17200,14.20,Cocktail glass,0,Grasshopper,얼음으로 칵테일 셰이커에 재료를 붓습니다. 강하게 흔들어 냉각 된 칵테일 잔에 따라 드십시오.
17201,10.00,Cocktail glass,0,Hemingway Special,모든 재료를 얼음으로 셰이커에 붓습니다. 흔들어주세요.
17202,9.00,Highball glass,0,Horse's Neck,브랜디와 진저 에일을 아이스 큐브와 하이볼 유리에 직접 붓습니다. 부드럽게 저어주세요. 레몬 향으로 장식합니다. 원하는 경우 Angostura 쓴 dash를 추가하십시오.
17203,14.00,Wine Glass,0,Kir,유리 바닥에 크림 데 카시를 넣고 와인을 얹습니다.
17204,30.00,Highball glass,1,Long Island Iced Tea,하이볼 유리에 모든 내용을 섞고 부드럽게 저어주십시오. 채색을 위해 코카콜라 대시를 추가하고 레몬 또는 라임 트위스트로 장식하십시오.
17205,10.00,Champagne flute,0,Mimosa,두 재료가 모두 차가운지 확인한 다음 유리에 섞으십시오. 차갑게 드시는 걸 추천합니다.
17206,28.00,Collins glass,2,Mint Julep,"하이볼 잔에서 민트, 설탕 및 물을 부드럽게 젓습니다. 잔을 부숴진 얼음으로 채우고 버번을 넣고 유리가 시원해질 때까지 잘 저어줍니다. 민트로 장식해 마무리 하십시오."
17207,17.00,Collins glass,1,Pina Colada,부드러워 질 때까지 믹서기에 분쇄 된 얼음과 섞습니다. 차가운 잔에 붓고 장식하여 드십시오.
17208,25.00,Cocktail glass,0,Rose,칵테일 셰이커로 함께 섞은 다음 차가운 잔에 붓습니다. 기호에 따라 장식한 후 먹습니다.
17209,16.00,Margarita glass,1,Barracuda,얼음과 함께 재료를 섞으십시오. 스파클링 와인을 곁들인 잔에 따라 드십시오.
17210,15.00,Old-Fashioned glass,0,Bramble,"부숴진 얼음으로 유리를 채우십시오. 진, 레몬 주스 및 간단한 시럽을 쌓아 올리는 식으로 따르세요. 저어 준 후 블랙 베리 리큐어를 원형 방식으로 붓고 마블링 효과를 만듭니다. 두 개의 블랙 베리와 레몬 슬라이스로 장식하십시오."
17211,12.00,Highball glass,1,Dark and Stormy,얼음으로 채워진 하이볼 잔에 6Cl 다크 럼을 추가하고 진저 맥주를 첨가하십시오. 라임 웨지로 장식합니다.
17212,28.00,Cocktail glass,0,Espresso Martini,얼음으로 채워진 셰이커에 재료를 붓고 격렬하게 흔들고 차가운 마티니 잔에 따르십시오.
17213,27.00,Cocktail glass,0,French Martini,아이스 큐브와 모든 재료를 쉐이커에 붓습니다. 잘 흔들어 차가워진 칵테일 잔에 따르십시오. 레몬 껍질에서 음료에 장식하십시오.
17214,13.00,Highball glass,0,Russian Spring Punch,재료를 하이볼 유리에 붓고 스파클링 와인을 곁들입니다.
17215,11.00,Old-Fashioned glass,0,Spritz,"얼음 위에 잔을 두고 재료들을 따르고, 기호에 따라 장식하여 드십시오."
17216,22.00,Old-Fashioned glass,0,Tommy's Margarita,차가운 칵테일 잔에 재료들을 섞은 후 드십시오.
17217,12.00,Old-Fashioned glass,0,Vampiro,"긴 잔이나 old-fashioned 잔으로 만들 수 있습니다. 코셔 소금으로 유리를 먼저 ""rim""할 수 있습니다. (소금 층을 넣고 라임 주스 나 물로 유리 림을 적시고 거꾸로 유리 림을 코셔 소금에 넣습니다.) 소금이 촉촉한 림에 붙어 있게 됩니다. 두 번째 단계는 잔의 절반을 얼음으로 채우고 고품질 데킬라로 가득 찬 하나 또는 두 개의 슈터 잔을 넣는 것입니다. 다음 단계는 향료 요소를 추가하는 것입니다. 이것은 유리에 신선한 라임을 짜서 소금 몇 곡물을 첨가하고, 유리가 4/5가 가득 칠 때까지 감귤류가 흐르는 소다 팝을 추가 한 다음, 매운 Viuda de Sanchez (또는 오렌지 주스, 라임 주스 및 라임 주스 및 피코 드 갤로). 마지막 단계는 풍미가 올바르게 혼합되도록 재료들을 저어주는 것입니다."
17218,34.00,Cocktail glass,0,Vesper,잘 냉각 될 때까지 얼음 위로 흔들고 깊은 잔에 따르고 얇은 레몬 껍질 조각으로 장식하십시오.
17219,20.00,Cocktail glass,0,Yellow Bird,냉장 된 칵테일 잔에 섞고 따라드십시오
17220,18.00,Beer mug,0,Butter Baby,블렌더에 함께 혼합하십시오. 토핑을 위해 신선한 블루 베리와 카라멜을 곁들인 냉장 맥주잔에 제공하십시오.
17221,5.00,Mason jar,0,Boozy Snickers Milkshake,"스니커스 바를 비닐 봉지에 넣고 롤러로 굴립니다. 분쇄 된 스니커스 조각, 아이스크림, 우유, 카라멜 소스, 초콜릿 소스 및 초콜릿 주류를 믹서기에 추가하십시오. 쉐이크가 두터운 거품이 될 때까지 혼합하십시오. 잔에 붓고 초콜릿과 크림을 뿌립니다."
17222,28.00,Cocktail glass,0,A1,모든 재료를 칵테일 셰이커에 붓고 차가운 잔에 얼음 위에 섞어 드십시오.
17223,20.00,Cocktail glass,0,Abbey Martini,모든 재료를 셰이커에 넣고 섞은 다음 냉장 칵테일 잔에 따라 드십시오.
17224,11.00,Champagne flute,0,Absolutely Fabulous,보드카와 크랜베리 주스를 셰이커에 섞어 유리에 따릅니다. 샴페인으로 위에 따릅니다.
17225,15.00,Martini Glass,0,Ace,칵테일 셰이커와 얼음에 모든 재료를 흔들고 차가운 유리에 변형시킵니다.
17226,24.00,Cocktail glass,0,Adam & Eve,모든 재료를 함께 흔들고 차가운 유리에 넣습니다.
17227,8.00,Cocktail glass,0,Addington,버몬트의 셰이커에 섞어 차가운 잔에 따르십시오. 소다수를 추가하십시오.
17228,24.00,Martini Glass,0,Addison,모든 재료를 함께 섞고 차가운 잔에 넣습니다.
17229,20.00,Martini Glass,0,Adios Amigos Cocktail,모든 재료를 함께 섞고 차가운 잔에 넣습니다.
17230,14.00,Highball glass,0,Gin Rickey,얼음을 tall 잔에 넣습니다. 진과 그레나딘을 함께 섞어 얼음 위에 붓습니다. 라임 또는 레몬 주스를 넣고 소다수로 채우십시오. 라임 및/또는 레몬 슬라이스로 유리를 장식하십시오.
17233,29.00,Cocktail glass,0,Salted Toffee Martini,"칵테일 셰이커에 얼음, 토피 진, 초콜릿 리큐어 및 아마레토를 넣고 격렬하게 흔들어주십시오. 초콜릿 시럽을 접시에 붓고 마티니 유리의 상단을 시럽에 담그십시오. 소금 초콜릿을 다른 접시에 넣고 코팅 된 유리를 담그십시오. 그래서 플레이크가 소스에 달라 붙어 초콜릿 림을 만듭니다! 셰이커의 내용물을 초콜릿 유리에 붓고 초콜릿을 뿌려 장식합니다."
17239,2.00,Balloon Glass,0,Hunter's Moon,"Bombay Sapphire, Martini Bianco, Sugar Syrup & Blackberries를 얼음이 많은 칵테일 셰이커에 넣고 balloon glass에 담습니다."
17241,21.00,Hurricane glass,0,Zombie,"빠르게 5 초 이상 혼합하십시오. 유리에 붓고 아이스 큐브를 넣어 채우고 장식을 넣으십시오. *Donn 's Mix : 설탕이 용해 될 때까지 저어 주면서 3 개의 으깬 계피 스틱, 설탕 1 컵 및 물 1 컵을 끓입니다. 2 분 동안 끓인 다음 열에서 제거하고 깨끗한 유리 병에 따르기 전에 2 시간 이상 저으십시오. 그런 다음 시럽의 1 부분과 신선한 자몽 주스의 2 부분을 함께 넣으십시오."
17242,16.00,Balloon Glass,0,Bombay Cassis,"Bombay Sapphire, Crème de Cassis 및 Lime Juice를 balloon galss에 넣고 섞습니다. 큐브 얼음으로 유리를 채우십시오. 차가운 생강 맥주를 얹습니다. 저어주고 부드럽게 으깨진 라임 웨지를 윗면에 얹고 생강 조각으로 마무리하십시오. "
17245,12.00,Balloon Glass,0,Rosemary Blue,"Bombay Sapphire, Blue Curacao, Rosemary Sprig 및 부드럽게 레몬 웨지를 ballon glass에 추가하고 잘 섞으십시오. 큐브 얼음과 토닉워터로 채우십시오. 바 숟가락으로 부드럽게 섞어 드십시오."
17246,33.00,Beer Glass,0,Empellón Cocina's Fat-Washed Mezcal,"칵테일 Mezcal과 Chocolate Liqueur를 얼음과 혼합 유리에 섞고 45 초 동안 저어줍니다. 냉장 쿠페 잔에 따르십시오. 커피 리큐어를 숟가락으로 쿠페 안으로 조심스럽게 ""sink""하십시오. 5 방울의 Habanero 팅크로 마무리하십시오."
17247,27.00,Cocktail glass,0,The Last Word,얼음과 함께 흔들어 칵테일 잔에 따르십시오.
17248,24.00,Martini Glass,0,French Negroni,셰이커에 얼음을 넣고 모든 재료를 붓습니다. 바 숟가락을 사용하여 40 ~ 45 회전을 저어 주거나 ​​차갑게 합니다. 마티니 유리 또는 얼음 위에 오렌지 트위스트로 장식하십시오.
17249,29.00,Cocktail glass,0,Pegu Club,모든 재료를 섞고 칵테일 잔에 따라 마십니다.
17250,20.00,Cocktail glass,0,Corpse Reviver,모든 재료를 섞고 칵테일 잔에 따라 마십니다.
17251,32.00,Martini Glass,0,Boulevardier,얼음 위에 따르고 기호에 따라 장식하고 저어 마십니다.
17252,11.00,Collins glass,0,Greyhound,얼음으로 가득 찬 콜린스 잔에 보드카를 넣으십시오. 자몽 주스를 추가하고 저어줍니다.
17253,10.00,Collins glass,0,Paloma,모든 재료를 섞고 얼음과 함께 드십시오.
17254,29.00,Cocktail glass,0,Bijou,잔에 얼음과 술을 혼합하여 저어줍니다.
17255,22.00,Martini Glass,3,Gimlet,모든 재료를 셰이커에 넣고 얼음으로 채웁니다. 냉장 된 칵테일 잔 또는 신선한 얼음으로 채워진 old-fashioned 잔을 흔들어 줍니다. 라임 wheel로 장식하십시오.
17256,24.00,Cocktail glass,0,Martinez 2,믹싱 잔에 모든 재료를 첨가하고 얼음으로 채웁니다. 차가워질 때까지 저어주고 차가운 쿠페 잔에 넣습니다.
17266,13.00,Mason jar,0,Oatmeal Cookie,"모두 함께 섞으십시오. 양이 적어보이지만, 이는 많은 얼음 위에 따르면 적절한 양이 됩니다."
17267,12.00,Highball glass,0,Bahama Mama,맛에 2 개의 클럽 소다를 추가하십시오. 그것을 모두 섞어 얼음에 붓습니다. 빨대와 함께 마십니다.
17268,16.00,Highball glass,0,Blue Hurricane,각 부분이 1/2 온스 인 경우 약 2.5 컵의 얼음을 사용하십시오. 모두 함께 혼합하십시오. 당신이 있다면 큰 빨대로 마신다.
17824,12.00,Balloon Glass,0,The Laverstoke,2 개의 라임 웨지를 ballon glass에 짜낸 다음 Bombay Sapphire 및 Martini Rosso Vermouth를 첨가하여 섞습니다. 유리를 큐브 얼음으로 완전히 채우고 차갑게 저어줍니다. 생강 에일을 얹고 부드럽게 저어 주어 혼합합니다. 생강 슬라이스와 민트 스프리로 장식합니다.
17825,10.00,Coupe Glass,0,Brigadier,따뜻한 머그잔에 재료를 넣고 저어줍니다. 그 후 coupe 잔에 따라 먹습니다.
17826,14.00,Whiskey sour glass,0,The Jimmy Conway,잔을 얼음으로 채우십시오. 아일랜드 인과 disaronno를 붓습니다. 크랜베리 주스로 상단에 채우십시오. 레몬 조각으로 장식하십시오.
17827,28.00,Nick and Nora Glass,0,Old Pal,"냉각 칵테일 잔, 믹싱 유리에 재료를 첨가하고 얼음으로 2/3을 채 웁니다. 약 20 초를 저어주세요. 레몬 껍질을 비틀고 장식합니다."
17828,27.00,Nick and Nora Glass,0,Tipperary,얼음을 저어주세요. 차가운 잔에 오렌지 껍질을 넓게 자르고 음료 위로 오렌지 오일을 뿌리세요.
17829,20.00,Old-fashioned glass,0,Penicillin,"혼합 스카치, 레몬 주스, 꿀 시럽 및 생강 시럽을 얼음으로 쉐이크하십시오. 차가운 잔에서 얼음 위에 따르십시오. 스모키 스카치가 상단에 플로트되면 설탕에 절인 생강으로 장식합니다."
17830,28.00,Old-fashioned glass,0,Corn n Oil,"라임을 반의 반으로 자릅니다. lime, falernum, and bitters를 잔에 추가하고 럼을 추가하십시오. 얼음을 넣고 저어줍니다. 블랙 스트랩 럼을 상단에 둡니다. 빨대와 함께 드십시오."
17831,11.00,Highball glass,0,A Furlong Too Late,럼과 생강 맥주를 아이스 큐브로 가득 찬 하이볼 잔에 붓습니다. 잘 저어 레몬 트위스트로 장식합니다.
17832,8.00,Highball glass,0,A Night In Old Mandalay,"아이스 큐브로 반으로 가득 찬 셰이커에서 라이트 럼, 아뇨조 럼, 오렌지 주스 및 레몬 주스를 혼합하십시오. 잘 흔들어 아이스 큐브로 거의 가득 찬 하이 볼 잔에 따르십시오. 진저 에일과 함께. 레몬 트위스트로 장식합니다."
17833,21.00,Cocktail glass,0,A. J.,재료를 얼음과 함께 흔들고 칵테일 잔에 따라 드십시오.
17834,20.00,Cocktail glass,0,Abbey Cocktail,얼음으로 모든 재료 (체리 제외)를 섞고 칵테일 잔에 따르십시오. 마지막으로 체리를 얹고 드십시오.
17835,12.00,Highball glass,0,Abilene,거의 모든 재료를 아이스 큐브로 가득 찬 하이볼 잔에 붓습니다. 잘 저어 드십시오.
17836,19.00,Old-fashioned glass,1,Acapulco,모든 재료 (민트 제외)를 얼음으로 섞고 흔들고 큐브 얼음 위에 따르십시오. 민트의 장식을 추가하고 드십시오.
17837,19.00,Cocktail glass,0,Adam,큐브 얼음으로 반 채워진 셰이커에 모든 재료를 혼합하십시오. 잘 흔들어 칵테일 유리에 따라 드십시오.
17838,13.00,Cocktail glass,0,Adonis Cocktail,모든 재료를 얼음으로 저어 칵테일 잔에 드십시오.
17839,7.00,Highball glass,0,Affair,"하이볼 잔 얼음 위에 Schnapps, 오렌지 주스 및 크랜베리 ​​주스를 붓습니다. 클럽 소다를 얹고 드십시오."
17840,22.00,Cocktail glass,0,Affinity,아이스 큐브로 반으로 채워진 혼합 유리에서 모든 성분을 결합하십시오. 잘 저어. 칵테일 유리에 긴장하십시오.
178306,21.00,Shot glass,0,Slippery Nipple,삼부카를 샷 유리에 붓고 두 개의 액체가 섞이지 않도록 아일랜드 크림을 위에 붓습니다.
178307,19.00,Hurricane glass,0,Tequila Slammer,용해 된 이산화탄소를 방출하지 않도록 조심스럽게 혼합하여 드십시오.
178308,7.00,Wine Glass,0,Spritz Veneziano,얼음 위에 잔을 두고 모든 재료를 장식해 드십시오.
178309,11.00,Cocktail glass,0,Espresso Rumtini,모든 재료를 칵테일 잔에 함께 섞습니다. Choclate 가루와 커피 원두로 장식하십시오.
178310,31.00,Cocktail glass,0,Brooklyn,재료를 얼음과 결합하고 잘 채워질 때까지 저어줍니다. 차가운 칵테일 잔에 따라 드십시오.
178311,54.00,Highball glass,0,Broadside,"반은 유리를 아이스 큐브로 채웁니다. 웜우드를 분쇄하고 얼음에 첨가하십시오. 럼, 스카치 및 버터를 붓고 드십시오."
178312,0.00,Punch bowl,0,Bloody Punch,"해동 딸기를 큰 그릇에 넣으십시오. 큰 덩어리를 유지하기 위해 포크로 으깨십시오. 펀치 그릇이나 으깬 딸기, 라임 펄프 및 소다를 혼합하십시오. 잘 섞고 블루 베리와 건포도를 추가하십시오. "
178313,0.00,Punch bowl,0,Halloween Punch,"체리 주스, 오렌지 껍질, 고추, 계피 스틱, 정향 및 생강을 큰 냄비에 5 분 동안 끓인 다음 열을 끕니다. 식히기 위해 떠난 다음 최소 4 시간 또는 최대 2 일 동안 식히십시오. 더 오래 남을수록 맛이 더 강해집니다. 어린 아이들에게 봉사하는 경우 몇 시간 후에 고추를 꺼내십시오. 준비가되면 주스를 주전자에 붓습니다. 유리 병이나 잔에 제공하도록 합니다."
178314,19.00,Highball glass,0,Gin Basil Smash,셰이커에 Suggar 시럽이있는 Mudled Basil 잎 (~ 10). 레몬 주스 진을 넣으십시오. 얼음으로 텀블러를 필터링하고 드십시오.
178315,9.00,Highball glass,1,Munich Mule,유리를 얼음으로 채우십시오. 진과 라임 주스를 붓습니다. 생강 맥주로 잔을 채우십시오. Cucumer와 Lime 조각으로 장식하고 드십시오.
178316,19.00,Margarita glass,0,Honey Bee,조각 얼음과 함께 재료를 흔들어줍니다
178317,20.00,Martini Glass,0,Bee's Knees,조각낸 얼음과 함께 재료를 흔들어줍니다. 오렌지 껍질로 장식합니다.
178318,9.00,Highball glass,0,747 Drink,"콜린스 잔을 얼음으로 채우십시오. 보드카, 라임 코디 얼 및 크랜베리 ​​주스를 붓습니다. 스프라이트로 채우십시오. 라임 휠이나 크랜베리로 장식하십시오"
178319,10.00,Martini Glass,0,Aquamarine,얼음으로 쉐이커를 잘 흔들어주십시오. 마티니 유리에 따라 드십시오.
178320,13.00,Wine Glass,1,Banana Cream Pi,얼음 위에 모든 재료를 넣고 드십시오.
178321,9.00,Collins glass,0,Amaretto fizz,"주전자에 아마레토, 오렌지 주스 및 스파클링 와인을 혼합하십시오. 원하는 경우 각 유리에 스트립 주황색 향을 추가하십시오."
178322,0.00,Wine Glass,0,Spice 75,30ml의 물과 60g 골든 캐스터 설탕이 녹을 때까지 부드럽게 요리 한 다음 혼합물을 식히십시오. 커피 필터로 체를 치십시오. 매운 시럽 60ml를 200ml 럼과 90ml 라임 주스와 함께 칵테일 셰이커에 붓습니다. 얼음으로 흔들고 샴페인을 얹고 각각 오렌지 트위스트로 장식하십시오.
178323,25.00,Cocktail glass,0,Passion Fruit Martini,모든 재료를 잔에 붓고 저어줍니다. 패션푸르츠 조각의 절반으로 장식합니다.
178325,8.00,Wine Glass,0,Aperol Spritz,"얼음 큐브 2 개를 2 잔에 넣고 각각 50ml의 아페롤을 추가하십시오. 잔 사이를 나눈 다음, 원하는 경우 소다를 위에 따르십시오."
178326,7.00,Pitcher,0,White Wine Sangria,"레몬, 라임 및 기타 과일을 큰 덩어리로 자릅니다. 화이트 와인으로 피쳐를 채우고 Apple Brandy에 섞으십시오. 소다수로 맛을 내십시오."
178327,7.00,Collins glass,0,Pineapple Paloma,"라임 슬라이스로 각 유리의 가장자리를 문지르고 소금에 담그십시오. 얼음, 데킬라, 자몽 주스, 라임 주스 및 파인애플 소다를 첨가하십시오. 빨리 저어주세요. 신선한 파인애플 또는 라임으로 장식하십시오."
178328,9.00,Collins glass,0,Funk and Soul,모든 재료를 함께 섞어 콜린스 잔에 따릅니다. 보다 진정한 맛을 위해 가능한 경우 자메이카 럼을 사용하십시오.
178329,0.00,Collins glass,0,Captain Kidd's Punch,모든 재료를 셰이커에 섞어 콜린스 잔에 따릅니다. 더 달콤한 맛을 위해 캐리비안 다크 럼을 사용하십시오.
178330,0.00,Margarita glass,0,The Philosopher,오렌지 쓴 맛과 레몬 주스뿐만 아니라 셰이커 (Hendricks 진을 사용하는 것이 가장 좋음)에 모든 스피릿을 추가하십시오.
178331,0.00,Margarita glass,0,Bounty Hunter,파인애플 주스뿐만 아니라 셰이커에 스피릿을 추가하고 마가리타 잔에 따르십시오. Prosecco를 얹고 블루 베리로 장식하십시오.
178332,0.00,Collins glass,0,Smashed Watermelon Margarita,"메이슨 jar에서 수박과 5 개의 민트 잎을 퓌레에 따라 옮깁니다. 그런 다음 자몽 주스, 반 석회 주스, 데킬라 및 얼음을 넣으십시오. jar에 뚜껑을 넣고 흔들어줍니다. 유리에 붓고 얼음을 더 넣으십시오. 신선한 민트와 작은 수박 조각으로 장식하십시오."
178333,25.00,Cordial glass,0,Raspberry Julep,"컵 바닥에 민트 잎과 라즈베리 시럽을 부드럽게 뭉칩니다. 부순 얼음과 버번을 컵에 넣고 저어줍니다. 더 많은 얼음으로 윗면, 민트 장식으로 장식하십시오."
178334,13.00,Margarita glass,0,Death in the Afternoon,원하는대로 샴페인을 따른 차가운 잔에 압생트를 부어 넣으십시오. 
178335,5.00,Highball glass,0,Lazy Coconut Paloma,코코넛 리큐어(데킬라)를 자몽 주스와 섞고 소다수와 섞습니다. 유리 내부에 큰 자몽 조각으로 장식하십시오.
178336,11.00,Highball glass,0,Blueberry Mojito,다른 재료와 함께 블루 베리를 섞으며 하이볼 잔에 따르십시오. 민트와 반 조각의 라임으로 장식합니다.
178337,8.00,Cordial glass,0,Autumn Garibaldi,모든 재료를 얼음과 잔에 붓고 바 숟가락으로 저어줍니다. 오렌지 조각으로 장식하십시오.
178338,14.00,Whiskey sour glass,0,Pure Passion,"칵테일과 모든 재료를 섞어 민트와 식용 가루, 부순 얼음을 넣어 드십시오."
178339,27.00,Collins glass,0,The Strange Weaver,얼음이 든 잔에 천천히 재료를 섞고 오렌지 조각으로 장식합니다.
178340,11.00,Highball glass,0,Garibaldi Negroni,셰이커에 모든 재료를 섞어 간단한 오렌지 조각으로 장식하십시오. 
178341,0.00,Highball glass,0,Orange Rosemary Collins,"유리의 바닥에 스피릿을 추가하고 믹서 음료로 똑같이 윗면에 얹습니다. 유리 내부에 오렌지 조각, 상단에 로즈마리를 얹어 장식하십시오."
178342,9.00,Highball glass,0,Gin and Soda,진과 소다수를 아이스 큐브로 거의 가득 찬 하이볼 유리에 붓습니다. 잘 저어줍니다. 라임 웨지로 장식하십시오.
178343,3.00,Pint glass,0,Michelada,"맥주를 토마토 주스, 갓 짜낸 라임 주스, 우스터 셔 소스, 테리야키 소스, 간장 또는 매운 소스와 섞으십시오. 차가운 소금이 묻은 잔에 따라 드십시오."
178344,0.00,Highball glass,0,Figgy Thyme,"부순 얼음을 콜린스 잔에 붓습니다. 칵테일 셰이커에서 무화과와 백리향을 함께 뭉칩니다. 꿀 보드카, 레몬 주스 및 큰 아이스 큐브를 추가하십시오. 잘게 차가워 질 때까지 흔들고 잔에 따르십시오. 토닉워터와 마지막으로 2 개의 Angostura Bitters를 넣으십시오. 얇게 썬 무화과와 백리향으로 장식하십시오."
178345,24.00,Irish coffee cup,0,Hot Toddy,위스키와 꿀을 함께 휘젓고 보온잔 2 개로 나눕니다. 계피 스틱의 절반을 각각에 넣은 다음 200ml 끓는 물을 얹습니다. 레몬 주스의 스플래시를 각각에 추가 한 다음 맛을 맛보고 선호도에 더 추가하십시오. 레몬 조각으로 각각을 마무리하고 즉시 드십시오.
178346,21.00,Collins glass,0,Elderflower Caipirinha,잔을 가져 와서 라임을 뭉칩니다. 잔을 부순 얼음으로 채우고 카차카를 넣으십시오. 잘 저어주십시오. 라임으로 장식하고 드십시오.
178347,16.00,Highball Glass,0,Winter Rita,모든 재료를 결합하고 얼음으로 흔들고 차가운 얼음을 추가 하십시오.
178348,11.00,Highball glass,0,Winter Paloma,모든 재료를 잘 섞어 하이볼 잔에 따라 드십시오.
178349,22.00,Collins glass,0,Snowday,모든 재료를 얼음으로 저어주세요. 얼음과 차가운 rocks 잔에 따라 드십시오. 오렌지 껍질을 음료 위에 장식하십시오.
178350,12.00,Collins glass,0,The Galah,"술을 파인애플, 라임 주스와 함께 섞어 드십시오."
178352,7.00,Cocktail glass,0,Frosé,"중간 냄비에 설탕과 1/2 컵의 물을 끓입니다. 설탕이 녹을 때까지 약 3 분 동안 끊임없이 저어줍니다. 딸기를 넣고 열에서 제거하고 30 분 동안 앉아 시럽에 딸기 맛을 추가하십시오. 미세 메쉬 체를 통해 작은 그릇에 따르십시오. 약 30 분 정도 식힙니다. 로제를 믹서기로 긁어냅니다. 레몬 주스, 3½ 온스 딸기 시럽 및 1 컵의 으깬 얼음과 푸레를 부드럽게 첨가하십시오. 블렌더 jar를 냉동고로 옮기고 25–35 분 둡니다. 다시 섞고 잔을 나눕니다."
178353,6.00,Highball glass,0,Apple Highball,하이볼 잔에 얼음을 넣으십시오. 림 주위에 신선한 라임 엣지를 문지르고 잔에 넣습니다. Apple Schnapps의 샷을 추가하고 Ginger Ale과 함께 위에 얹습니다.
178354,0.00,Whiskey Glass,0,Pink Moon,얼음으로 셰이커를 천천히 흔들고 정사각형 위스키 잔에 넣습니다. 얼음과 블랙 베리를 추가하여 장식하십시오. 특별한 모습을 위해 꽃과 녹색 잎을 추가하십시오.
178355,17.00,Old-fashioned glass,0,Mountain Bramble,"블랙 베리를 텀블러 잔에 넣고 진, 레몬 주스 및 설탕 시럽을 쉐이커에 섞어 부순 얼음 위에 균등하게 넣으십시오. 소다수를 얹고 더 많은 블랙 베리와 일부 민트로 장식하십시오."
178356,15.00,Hurricane glass,0,Butterfly Effect,보스턴으로 큐브 얼음으로 채우고 레모네이드를 제외한 모든 재료를 간단히 chuck하십시오. 이제 모든 재료가 완벽하게 혼합 될 때까지 흔들어야합니다. 허리케인 잔에 얼음 큐브를 넣고 라즈베리 보드카 칵테일을 잔에 따릅니다. 레모네이드와 척을 얹고 chuck은 민트를 얹어 가니쉬를 위해 맨 위에 넣습니다. 
178357,16.00,Cocktail glass,0,Pornstar Martini,모든 재료를 아이스 큐브와 믹싱 잔에 붓습니다. 잘 흔들고 냉장 된 마티니 칵테일 유리에 따라주십시오. 패션후르츠를 반으로 자르고 장식으로 사용하십시오. 차가운 샷 잔에 Prosecco를 붓고 Martini와 함께 드십시오.
178358,13.00,Jar,2,Mango Mojito,1½ 라임에서 즙을 짜고 망고와 혼합하여 부드러운 퓨레를 줍니다. 나머지 라임을 쿼터로 자른 다음 각 엣지를 다시 반으로 자릅니다. 각 사람마다 하이볼 유리에 라임 2 조각을 넣고 각 유리에 1 티스푼의 캐스터 설탕 1 티스푼과 각 유리에 5-6 개의 민트 잎을 넣으십시오. 라임과 민트를 뿌립니다. 잔 사이에 망고 퓨레를 나누고 30ml 흰 럼과 부순 얼음을 각각에 넣어 모든 것을 섞어 잘 저어줍니다. 
178359,26.00,Cocktail glass,0,Kiwi Martini,간단한 시럽으로 키위 조각과 함께 보드카로 흔들어 줍니다. 
178360,15.00,Highball glass,0,Lemon Elderflower Spritzer,모든 재료를 얼음 위에 붓고 저어 드십시오.
178362,6.00,Highball glass,0,Vodka Slime,"잔을 얼음으로 채우십시오. 보드카, 7-Up을 추가 한 다음 라임 주스로 마무리하십시오."
178363,13.00,Highball glass,0,Vodka Lemon,"보드카 레몬은 하이볼 잔에 6-7 개의 아이스 큐브를 넣고 보드카, 레모네이드를 붓고 바 스푼으로 섞습니다. 마지막으로 레몬 조각으로 장식하고 원하는 경우 민트 잎 몇 개를 넣으십시오. "
178364,9.00,Highball glass,0,Vodka Tonic,1 조각의 라임 또는 레몬을 씻고 자릅니다. 차가운 얼음으로 텀블러를 채우십시오. 원하는 만큼의 양의 보드카를 붓고 토닉워터를 위에 붓습니다. 라임 조각를 유리 잔에 짜고 슬라이스로 장식하십시오. 
178365,8.00,Highball glass,1,Gin Tonic,하이볼 잔을 얼음으로 채우고 진을 붓고 토닉워터를 얹고 레몬 웨지를 짜내고 레몬 웨지로 장식하십시오.
178366,12.00,Highball glass,0,Gin Lemon,셰이커가 필요없이 텀블러를 얼음으로 채우고 진과 레모네이드를 붓습니다. 레몬 조각으로 부드럽게 섞고 장식하십시오. 선호에 따라 몇 개의 민트 잎을 추가 할 수 있습니다.
178367,8.00,Highball glass,0,Ramos Gin Fizz,크림과 계란 흰 자를 포함한 재료를 셰이커에 붓습니다. 1 분 동안 흔들어 섞어줍니다. 크림과 계란 흰 자가 완벽하게 혼합되어야하므로 서두르지 마십시오. 이제 셰이커를 열고 얼음을 넣고 1-2 분 동안 흔들어 줍니다. 하이볼 잔에 붓고 소다를 넣고 마무리 장식하십시오.
178368,11.00,Highball glass,0,Planter’s Punch,오렌지를 짜서 주스를 준비합니다. 모든 재료를 얼음으로 채워진 셰이커에 넣고 12 초 이상 흔듭니다. 하이볼 잔에 넣고 파인애플 웨지 또는 선택한 과일로 장식하십시오.
178369,10.00,Highball glass,0,Cocktail Horse’s Neck,레몬을 씻고 닦은 다음 레몬 껍질을 나선형으로 자릅니다. 긴 텀블러 잔에 얼음을 넣고 레몬 껍질을 안에 넣고 코냑을 붓고 진저 맥주를 넣고 2-3 방울의 Angostura를 넣습니다. 
